x_m;y_m;w_tr_right_m;w_tr_left_m;z_m
0.00000000;0.00000000;6.00000000;6.00000000;0.00000000
4.28322014;-7.00171000;6.00000000;6.00000000;0.00000000
8.56643413;-14.00342000;6.00000000;6.00000000;0.00000000
12.84964195;-21.00514000;6.00000000;6.00000000;0.00000000
17.13284362;-28.00686000;6.00000000;6.00000000;0.00000000
21.41603914;-35.00859000;6.00000000;6.00000000;0.00000000
25.69922849;-42.01033000;6.00000000;6.00000000;0.00000000
29.98241169;-49.01208000;6.00000000;6.00000000;0.10000000
34.26558873;-56.01383000;6.00000000;6.00000000;0.10000000
38.54875961;-63.01559000;6.00000000;6.00000000;0.00000000
42.87059554;-69.97458000;6.00000000;6.00000000;0.00000000
47.28122494;-76.83555000;6.00000000;6.00000000;0.00000000
51.59566791;-83.80394000;6.00000000;6.00000000;0.00000000
55.91010483;-90.77234000;6.00000000;6.00000000;0.00000000
60.22486573;-97.74074000;6.00000000;6.00000000;0.00000000
64.53914996;-104.70915000;6.00000000;6.00000000;0.00000000
68.85337928;-111.67757000;6.00000000;6.00000000;0.10000000
73.16779199;-118.64599000;6.00000000;6.00000000;0.10000000
77.48219866;-125.61442000;6.00000000;6.00000000;0.20000000
81.79659927;-132.58286000;6.00000000;6.00000000;0.20000000
86.11099384;-139.55130000;6.00000000;6.00000000;0.20000000
90.42538235;-146.51975000;6.00000000;6.00000000;0.10000000
94.73986573;-153.48821000;6.00000000;6.00000000;0.00000000
99.05414123;-160.45667000;6.00000000;6.00000000;0.00000000
103.36851110;-167.42529000;6.00000000;6.00000000;0.00000000
107.68287540;-174.39377000;6.00000000;6.00000000;0.00000000
111.99723360;-181.36225000;6.00000000;6.00000000;0.00000000
116.31158530;-188.33090000;6.00000000;6.00000000;0.00000000
120.62593150;-195.29939000;6.00000000;6.00000000;0.00000000
124.94027110;-202.26805000;6.00000000;6.00000000;0.00000000
129.25460510;-209.23656000;6.00000000;6.00000000;0.00000000
133.56893260;-216.20523000;6.00000000;6.00000000;0.00000000
137.88292880;-223.17375000;6.00000000;6.00000000;0.00000000
142.19757000;-230.14244000;6.00000000;6.00000000;0.00000000
146.51187930;-237.11113000;6.00000000;6.00000000;0.00000000
150.82618310;-244.07967000;6.00000000;6.00000000;0.00000000
155.14048030;-251.04837000;6.00000000;6.00000000;0.00000000
159.45477150;-258.01708000;6.00000000;6.00000000;0.10000000
163.76905660;-264.98580000;6.00000000;6.00000000;0.10000000
168.08333570;-271.95452000;6.00000000;6.00000000;0.10000000
172.39760870;-278.92325000;6.00000000;6.00000000;0.10000000
176.71187570;-285.89199000;6.00000000;6.00000000;0.00000000
181.02586570;-292.86073000;6.00000000;6.00000000;0.00000000
185.34039150;-299.82948000;6.00000000;6.00000000;0.00000000
189.65464030;-306.79824000;6.00000000;6.00000000;0.00000000
193.96960910;-313.76701000;6.00000000;6.00000000;0.00000000
198.28311980;-320.73577000;6.00000000;6.00000000;0.10000000
202.53166880;-327.77239000;6.00000000;6.00000000;0.20000000
206.63411000;-334.96010000;6.00000000;6.00000000;0.30000000
211.05838460;-341.80270000;6.00000000;6.00000000;0.40000000
215.56110920;-348.56114000;6.00000000;6.00000000;0.50000000
220.05433120;-355.33020000;6.00000000;6.00000000;0.60000000
224.39101660;-362.27485000;6.00000000;6.00000000;0.70000000
228.72769650;-369.21936000;6.00000000;6.00000000;0.80000000
233.06436990;-376.16402000;6.00000000;6.00000000;0.90000000
235.87392280;-384.04828000;6.00000000;6.00000000;1.00000000
237.11581890;-392.89700000;6.00000000;6.00000000;1.00000000
238.18578360;-401.73031000;6.00000000;6.00000000;1.00000000
236.00622480;-410.26716000;6.00000000;6.00000000;1.00000000
233.82665390;-418.80416000;6.00000000;6.00000000;1.00000000
230.40286010;-426.40293000;6.00000000;6.00000000;1.00000000
225.40991120;-432.55919000;6.00000000;6.00000000;1.00000000
220.41695840;-438.71559000;6.00000000;6.00000000;1.00000000
215.54938480;-445.04297000;6.00000000;6.00000000;1.00000000
210.16941190;-450.58542000;6.00000000;6.00000000;1.00000000
204.83431890;-456.21105000;6.00000000;6.00000000;1.00000000
199.68426020;-462.13830000;6.00000000;6.00000000;1.10000000
194.53419850;-468.06554000;6.00000000;6.00000000;1.10000000
189.38413390;-473.99277000;6.00000000;6.00000000;1.00000000
184.23406640;-479.91999000;6.00000000;6.00000000;1.00000000
179.08399590;-485.84721000;6.00000000;6.00000000;1.00000000
173.93386570;-491.77442000;6.00000000;6.00000000;1.00000000
168.78386570;-497.70147000;6.00000000;6.00000000;1.00000000
163.63386570;-503.62867000;6.00000000;6.00000000;1.20000000
158.48368550;-509.55586000;6.00000000;6.00000000;1.30000000
153.33360110;-515.48289000;6.00000000;6.00000000;1.40000000
148.12163490;-521.31432000;6.00000000;6.00000000;1.60000000
142.85371120;-527.05849000;6.00000000;6.00000000;1.70000000
137.58586570;-532.80250000;6.00000000;6.00000000;1.80000000
132.31754570;-538.54666000;6.00000000;6.00000000;2.00000000
127.04945960;-544.29065000;6.00000000;6.00000000;2.00000000
121.78186570;-550.03465000;6.00000000;6.00000000;2.00000000
116.76031470;-556.14883000;6.00000000;6.00000000;2.00000000
112.18775080;-562.82453000;6.00000000;6.00000000;2.00000000
107.84383680;-569.78284000;6.00000000;6.00000000;2.00000000
103.49986570;-576.74115000;6.00000000;6.00000000;2.00000000
99.15644751;-583.69945000;6.00000000;6.00000000;2.00000000
94.81205898;-590.65774000;6.00000000;6.00000000;2.00000000
90.46786573;-597.61603000;6.00000000;6.00000000;2.10000000
87.00416317;-605.36806000;6.00000000;6.00000000;2.20000000
83.64597265;-613.21536000;6.00000000;6.00000000;2.30000000
80.28777261;-621.06282000;6.00000000;6.00000000;2.40000000
76.90734941;-628.89321000;6.00000000;6.00000000;2.40000000
73.41122819;-636.63554000;6.00000000;6.00000000;2.10000000
70.33759889;-644.64185000;6.00000000;6.00000000;2.00000000
67.98445604;-653.09855000;6.00000000;6.00000000;2.00000000
65.63130242;-661.55510000;6.00000000;6.00000000;2.00000000
63.27813698;-670.01179000;6.00000000;6.00000000;2.20000000
61.51738625;-678.64740000;6.00000000;6.00000000;2.80000000
60.81854315;-687.60353000;6.00000000;6.00000000;3.30000000
60.11986573;-696.55966000;6.00000000;6.00000000;3.60000000
59.42081703;-705.51579000;6.00000000;6.00000000;3.80000000
58.72186573;-714.47207000;6.00000000;6.00000000;4.00000000
59.12938881;-723.40716000;6.00000000;6.00000000;4.20000000
59.99702633;-732.33380000;6.00000000;6.00000000;4.40000000
60.86465117;-741.26028000;6.00000000;6.00000000;4.60000000
61.90606652;-750.14477000;6.00000000;6.00000000;4.80000000
63.47766366;-758.90096000;6.00000000;6.00000000;5.00000000
65.21772103;-767.59431000;6.00000000;6.00000000;4.90000000
67.33865127;-776.14573000;6.00000000;6.00000000;4.90000000
69.47121168;-784.69195000;6.00000000;6.00000000;4.90000000
71.67594378;-793.20632000;6.00000000;6.00000000;5.00000000
73.88066433;-801.72070000;6.00000000;6.00000000;5.10000000
76.08547305;-810.23508000;6.00000000;6.00000000;5.40000000
78.29007077;-818.74946000;6.00000000;6.00000000;5.70000000
80.58184846;-827.22355000;6.00000000;6.00000000;6.00000000
82.87670803;-835.69627000;6.00000000;6.00000000;6.30000000
85.17155675;-844.16884000;6.00000000;6.00000000;6.50000000
87.46639354;-852.64157000;6.00000000;6.00000000;6.70000000
89.67520219;-861.15413000;6.00000000;6.00000000;6.80000000
91.87986762;-869.66854000;6.00000000;6.00000000;6.90000000
94.08452151;-878.18295000;6.00000000;6.00000000;7.10000000
96.28916384;-886.69737000;6.00000000;6.00000000;7.30000000
98.56422911;-895.17916000;6.00000000;6.00000000;7.60000000
100.85903410;-903.65191000;6.00000000;6.00000000;7.90000000
103.15382780;-912.12467000;6.00000000;6.00000000;8.30000000
105.44886570;-920.59743000;6.00000000;6.00000000;8.70000000
107.70806880;-929.08674000;6.00000000;6.00000000;9.10000000
109.95693650;-937.58096000;6.00000000;6.00000000;9.30000000
112.20579280;-946.07519000;6.00000000;6.00000000;9.60000000
114.45486570;-954.56941000;6.00000000;6.00000000;9.80000000
116.70347090;-963.06365000;6.00000000;6.00000000;10.10000000
118.95229270;-971.55788000;6.00000000;6.00000000;10.30000000
121.20110310;-980.05213000;6.00000000;6.00000000;10.50000000
123.45067880;-988.54637000;6.00000000;6.00000000;10.70000000
125.67282150;-997.05242000;6.00000000;6.00000000;10.80000000
127.87737670;-1005.56689000;6.00000000;6.00000000;10.90000000
130.08186570;-1014.08152000;6.00000000;6.00000000;11.00000000
132.28686570;-1022.59601000;6.00000000;6.00000000;11.40000000
134.17787520;-1031.22578000;6.00000000;6.00000000;11.80000000
136.38386570;-1039.61618000;6.00000000;6.00000000;12.20000000
139.95241970;-1047.28248000;6.00000000;6.00000000;12.60000000
143.52160370;-1054.94879000;6.00000000;6.00000000;12.90000000
146.60781830;-1062.91009000;6.00000000;6.00000000;13.20000000
149.84293850;-1070.72111000;6.00000000;6.00000000;13.40000000
153.78786570;-1078.05983000;6.00000000;6.00000000;13.60000000
157.73341730;-1085.39855000;6.00000000;6.00000000;13.90000000
162.80562620;-1091.36517000;6.00000000;6.00000000;14.10000000
168.04425520;-1097.12941000;6.00000000;6.00000000;14.40000000
173.28288220;-1102.89350000;6.00000000;6.00000000;14.70000000
179.03405010;-1107.72433000;6.00000000;6.00000000;14.90000000
184.83198570;-1112.46997000;6.00000000;6.00000000;15.20000000
190.62986610;-1117.21562000;6.00000000;6.00000000;15.40000000
196.80467420;-1121.04697000;6.00000000;6.00000000;15.70000000
202.98847370;-1124.85661000;6.00000000;6.00000000;15.90000000
209.17227510;-1128.66624000;6.00000000;6.00000000;16.20000000
215.71545620;-1131.06081000;6.00000000;6.00000000;16.40000000
222.40049450;-1132.89698000;6.00000000;6.00000000;16.60000000
229.09677560;-1134.65647000;6.00000000;6.00000000;16.80000000
235.84648820;-1136.02163000;6.00000000;6.00000000;17.00000000
242.60103060;-1137.35053000;6.00000000;6.00000000;17.20000000
249.35501450;-1138.67959000;6.00000000;6.00000000;17.60000000
256.11012840;-1140.00866000;6.00000000;6.00000000;17.90000000
262.86468440;-1141.33772000;6.00000000;6.00000000;18.20000000
269.61924510;-1142.66679000;6.00000000;6.00000000;18.50000000
276.37381060;-1143.99586000;6.00000000;6.00000000;18.80000000
283.12785690;-1145.32493000;6.00000000;6.00000000;19.10000000
289.88286570;-1146.65400000;6.00000000;6.00000000;19.30000000
296.63441320;-1148.00993000;6.00000000;6.00000000;19.60000000
303.38475630;-1149.37541000;6.00000000;6.00000000;19.90000000
310.13510420;-1150.74091000;6.00000000;6.00000000;20.10000000
316.88545620;-1152.10655000;6.00000000;6.00000000;20.30000000
323.63581340;-1153.47205000;6.00000000;6.00000000;20.60000000
330.38617540;-1154.83755000;6.00000000;6.00000000;20.80000000
337.13654150;-1156.20320000;6.00000000;6.00000000;21.00000000
343.88691290;-1157.56871000;6.00000000;6.00000000;21.20000000
350.65386570;-1158.78377000;6.00000000;6.00000000;21.40000000
357.42780290;-1159.92956000;6.00000000;6.00000000;21.60000000
364.20200860;-1161.07535000;6.00000000;6.00000000;21.90000000
370.97621920;-1162.22115000;6.00000000;6.00000000;22.10000000
377.75043490;-1163.36694000;6.00000000;6.00000000;22.20000000
384.52465570;-1164.51274000;6.00000000;6.00000000;22.40000000
391.29888140;-1165.65854000;6.00000000;6.00000000;22.50000000
398.07311190;-1166.80434000;6.00000000;6.00000000;22.70000000
404.67775260;-1168.83570000;6.00000000;6.00000000;22.90000000
411.41686570;-1170.22325000;6.00000000;6.00000000;23.00000000
418.17678590;-1171.50669000;6.00000000;6.00000000;23.30000000
424.93661100;-1172.79013000;6.00000000;6.00000000;23.70000000
431.68595610;-1174.15782000;6.00000000;6.00000000;24.00000000
438.40694810;-1175.75354000;6.00000000;6.00000000;24.30000000
445.12794530;-1177.34911000;6.00000000;6.00000000;24.60000000
451.84894700;-1178.94469000;6.00000000;6.00000000;24.90000000
458.57386130;-1180.51126000;6.00000000;6.00000000;25.10000000
465.30627710;-1182.02199000;6.00000000;6.00000000;25.20000000
472.03869760;-1183.53271000;6.00000000;6.00000000;25.30000000
478.77112270;-1185.04344000;6.00000000;6.00000000;25.50000000
485.50213860;-1186.56497000;6.00000000;6.00000000;25.60000000
492.22784550;-1188.13125000;6.00000000;6.00000000;25.70000000
498.95253500;-1189.69753000;6.00000000;6.00000000;25.80000000
505.67728580;-1191.26381000;6.00000000;6.00000000;25.90000000
512.40234400;-1192.83009000;6.00000000;6.00000000;26.10000000
519.12740670;-1194.39637000;6.00000000;6.00000000;26.20000000
525.80386570;-1196.21054000;6.00000000;6.00000000;26.30000000
532.27170010;-1199.09290000;6.00000000;6.00000000;26.40000000
538.74008710;-1201.97264000;6.00000000;6.00000000;26.50000000
545.23107270;-1204.76279000;6.00000000;6.00000000;26.60000000
551.42559450;-1208.35069000;6.00000000;6.00000000;26.70000000
557.08347250;-1213.38151000;6.00000000;6.00000000;26.70000000
562.74134920;-1218.41249000;6.00000000;6.00000000;26.70000000
568.20171740;-1223.80629000;6.00000000;6.00000000;26.80000000
573.63812620;-1229.24432000;6.00000000;6.00000000;26.80000000
579.07453380;-1234.68220000;6.00000000;6.00000000;27.00000000
584.51093920;-1240.12024000;6.00000000;6.00000000;27.10000000
588.32564000;-1247.13724000;6.00000000;6.00000000;27.20000000
592.82797280;-1253.89657000;6.00000000;6.00000000;27.30000000
597.33030030;-1260.65590000;6.00000000;6.00000000;27.40000000
601.83262230;-1267.41524000;6.00000000;6.00000000;27.50000000
606.33493900;-1274.17458000;6.00000000;6.00000000;27.60000000
610.14091280;-1281.63382000;6.00000000;6.00000000;27.80000000
613.89097670;-1289.14921000;6.00000000;6.00000000;28.00000000
617.64103270;-1296.66461000;6.00000000;6.00000000;28.00000000
621.39108080;-1304.18002000;6.00000000;6.00000000;28.00000000
625.14112100;-1311.69543000;6.00000000;6.00000000;28.00000000
628.89115330;-1319.21084000;6.00000000;6.00000000;28.10000000
632.64117730;-1326.72642000;6.00000000;6.00000000;28.20000000
636.39120630;-1334.24185000;6.00000000;6.00000000;28.30000000
640.14123890;-1341.75728000;6.00000000;6.00000000;28.40000000
643.89126360;-1349.27272000;6.00000000;6.00000000;28.50000000
647.64128050;-1356.78817000;6.00000000;6.00000000;28.60000000
651.49275060;-1364.21136000;6.00000000;6.00000000;28.70000000
655.49402460;-1371.49802000;6.00000000;6.00000000;28.80000000
659.49529150;-1378.78468000;6.00000000;6.00000000;28.90000000
663.49655130;-1386.07135000;6.00000000;6.00000000;29.00000000
667.17505440;-1393.56914000;6.00000000;6.00000000;29.00000000
669.14470420;-1402.18450000;6.00000000;6.00000000;29.00000000
671.11369470;-1410.79986000;6.00000000;6.00000000;29.00000000
670.68369700;-1419.66857000;6.00000000;6.00000000;29.10000000
669.84207310;-1428.59789000;6.00000000;6.00000000;29.10000000
668.87555060;-1437.45083000;6.00000000;6.00000000;29.10000000
667.24279560;-1446.19691000;6.00000000;6.00000000;29.20000000
664.68388220;-1454.49471000;6.00000000;6.00000000;29.30000000
661.53075890;-1462.48154000;6.00000000;6.00000000;29.50000000
656.75188360;-1468.82814000;6.00000000;6.00000000;29.60000000
651.55524070;-1474.68563000;6.00000000;6.00000000;29.80000000
645.80670270;-1479.44354000;6.00000000;6.00000000;29.90000000
639.66787620;-1483.40249000;6.00000000;6.00000000;30.00000000
633.06559590;-1485.56677000;6.00000000;6.00000000;30.00000000
626.32261670;-1487.03024000;6.00000000;6.00000000;30.00000000
619.61219450;-1488.72088000;6.00000000;6.00000000;30.00000000
612.93312910;-1490.63050000;6.00000000;6.00000000;30.00000000
606.25346110;-1492.53997000;6.00000000;6.00000000;30.00000000
599.57486570;-1494.44943000;6.00000000;6.00000000;30.00000000
592.89606400;-1496.35905000;6.00000000;6.00000000;30.00000000
586.21691220;-1498.26851000;6.00000000;6.00000000;30.00000000
579.57988260;-1500.41799000;6.00000000;6.00000000;30.00000000
572.94651820;-1502.58847000;6.00000000;6.00000000;30.00000000
566.31315850;-1504.75879000;6.00000000;6.00000000;30.10000000
559.67980240;-1506.92926000;6.00000000;6.00000000;30.20000000
553.01633660;-1508.92829000;6.00000000;6.00000000;30.40000000
546.33985770;-1510.85333000;6.00000000;6.00000000;30.50000000
539.66338350;-1512.77821000;6.00000000;6.00000000;30.70000000
532.98691320;-1514.70325000;6.00000000;6.00000000;30.80000000
526.29816700;-1516.55183000;6.00000000;6.00000000;31.00000000
519.60519130;-1518.37308000;6.00000000;6.00000000;31.00000000
512.91216050;-1520.19447000;6.00000000;6.00000000;31.00000000
506.21913410;-1522.01587000;6.00000000;6.00000000;31.00000000
499.54819270;-1523.97008000;6.00000000;6.00000000;31.00000000
492.89501500;-1526.03132000;6.00000000;6.00000000;31.00000000
486.24159790;-1528.09241000;6.00000000;6.00000000;31.00000000
479.58886570;-1530.15365000;6.00000000;6.00000000;31.10000000
472.97783670;-1532.38420000;6.00000000;6.00000000;31.20000000
466.70388000;-1535.96285000;6.00000000;6.00000000;31.40000000
460.42986570;-1539.54134000;6.00000000;6.00000000;31.50000000
454.15597390;-1543.11998000;6.00000000;6.00000000;31.70000000
447.88202450;-1546.69846000;6.00000000;6.00000000;31.80000000
441.95590550;-1551.05210000;6.00000000;6.00000000;32.00000000
436.55886570;-1556.58718000;6.00000000;6.00000000;32.00000000
431.16396150;-1562.12226000;6.00000000;6.00000000;32.00000000
425.76798730;-1567.65718000;6.00000000;6.00000000;32.00000000
420.37201060;-1573.19224000;6.00000000;6.00000000;32.00000000
414.97603260;-1578.72715000;6.00000000;6.00000000;31.90000000
409.57981960;-1584.26220000;6.00000000;6.00000000;31.90000000
404.32832440;-1590.00027000;6.00000000;6.00000000;31.90000000
399.56378880;-1596.45117000;6.00000000;6.00000000;32.00000000
394.56992260;-1602.60705000;6.00000000;6.00000000;32.10000000
389.57605280;-1608.76292000;6.00000000;6.00000000;32.20000000
384.58217940;-1614.91878000;6.00000000;6.00000000;32.30000000
379.58830250;-1621.07464000;6.00000000;6.00000000;32.40000000
374.59442200;-1627.23049000;6.00000000;6.00000000;32.50000000
369.60053800;-1633.38634000;6.00000000;6.00000000;32.60000000
364.60665050;-1639.54218000;6.00000000;6.00000000;32.80000000
359.76308960;-1645.90306000;6.00000000;6.00000000;32.90000000
354.96103060;-1652.31147000;6.00000000;6.00000000;33.00000000
350.93035740;-1659.59022000;6.00000000;6.00000000;33.10000000
346.89976480;-1666.86913000;6.00000000;6.00000000;33.20000000
342.86912170;-1674.14787000;6.00000000;6.00000000;33.30000000
338.83847100;-1681.42677000;6.00000000;6.00000000;33.40000000
334.80781380;-1688.70550000;6.00000000;6.00000000;33.50000000
330.77714960;-1695.98422000;6.00000000;6.00000000;33.60000000
326.74647780;-1703.26310000;6.00000000;6.00000000;33.80000000
322.71525980;-1710.54181000;6.00000000;6.00000000;34.00000000
318.68511430;-1717.82051000;6.00000000;6.00000000;34.10000000
315.38286570;-1725.68062000;6.00000000;6.00000000;34.10000000
312.34121690;-1733.74941000;6.00000000;6.00000000;34.00000000
309.29986570;-1741.81820000;6.00000000;6.00000000;34.10000000
306.25932150;-1749.88682000;6.00000000;6.00000000;34.10000000
303.21734180;-1757.95559000;6.00000000;6.00000000;34.20000000
300.10686570;-1765.97828000;6.00000000;6.00000000;34.30000000
296.94660490;-1773.96728000;6.00000000;6.00000000;34.40000000
293.78603570;-1781.95627000;6.00000000;6.00000000;34.40000000
290.67383700;-1789.97538000;6.00000000;6.00000000;34.50000000
287.97488470;-1798.25218000;6.00000000;6.00000000;34.60000000
285.27571010;-1806.52897000;6.00000000;6.00000000;34.60000000
282.57694830;-1814.80576000;6.00000000;6.00000000;34.70000000
279.87796420;-1823.08254000;6.00000000;6.00000000;34.80000000
276.86299790;-1831.15182000;6.00000000;6.00000000;34.80000000
273.64775770;-1839.04319000;6.00000000;6.00000000;34.90000000
273.05130130;-1848.01231000;6.00000000;6.00000000;35.00000000
272.45481560;-1856.98159000;6.00000000;6.00000000;35.00000000
272.55481830;-1865.87926000;6.00000000;6.00000000;35.00000000
274.17266880;-1874.62090000;6.00000000;6.00000000;35.00000000
275.79045500;-1883.36254000;6.00000000;6.00000000;35.00000000
278.64546560;-1891.32048000;6.00000000;6.00000000;35.00000000
282.80089720;-1898.45466000;6.00000000;6.00000000;35.00000000
286.95632220;-1905.58884000;6.00000000;6.00000000;35.00000000
292.40718710;-1910.92884000;6.00000000;6.00000000;35.00000000
298.02351910;-1916.03760000;6.00000000;6.00000000;35.10000000
303.64123710;-1921.14637000;6.00000000;6.00000000;35.20000000
310.07846520;-1923.94849000;6.00000000;6.00000000;35.30000000
316.65830140;-1926.35167000;6.00000000;6.00000000;35.40000000
323.28704370;-1928.44276000;6.00000000;6.00000000;35.50000000
330.05627940;-1929.63711000;6.00000000;6.00000000;35.50000000
336.82551980;-1930.83146000;6.00000000;6.00000000;35.50000000
343.59476510;-1932.02581000;6.00000000;6.00000000;35.60000000
350.36401520;-1933.22016000;6.00000000;6.00000000;35.60000000
357.13327010;-1934.41452000;6.00000000;6.00000000;35.60000000
363.86586570;-1935.91992000;6.00000000;6.00000000;35.60000000
370.59908570;-1937.43135000;6.00000000;6.00000000;35.60000000
377.33059430;-1938.94261000;6.00000000;6.00000000;35.50000000
384.06281950;-1940.45389000;6.00000000;6.00000000;35.40000000
390.78557510;-1942.03567000;6.00000000;6.00000000;35.30000000
397.50654810;-1943.63180000;6.00000000;6.00000000;35.20000000
404.22722820;-1945.22793000;6.00000000;6.00000000;35.10000000
410.94806100;-1946.82422000;6.00000000;6.00000000;35.00000000
417.65668820;-1948.50599000;6.00000000;6.00000000;35.00000000
424.36621360;-1950.18050000;6.00000000;6.00000000;35.00000000
431.11653020;-1951.54660000;6.00000000;6.00000000;35.00000000
437.86686570;-1952.91287000;6.00000000;6.00000000;35.00000000
444.60386570;-1954.38790000;6.00000000;6.00000000;35.00000000
451.33589160;-1955.89935000;6.00000000;6.00000000;35.00000000
458.06817040;-1957.41065000;6.00000000;6.00000000;34.90000000
464.80045380;-1958.92195000;6.00000000;6.00000000;34.70000000
471.53274250;-1960.43326000;6.00000000;6.00000000;34.60000000
478.26503560;-1961.94471000;6.00000000;6.00000000;34.50000000
484.99733390;-1963.45602000;6.00000000;6.00000000;34.40000000
491.72963670;-1964.96733000;6.00000000;6.00000000;34.40000000
498.47775970;-1966.34426000;6.00000000;6.00000000;34.30000000
505.24536790;-1967.55547000;6.00000000;6.00000000;34.40000000
512.01298030;-1968.76685000;6.00000000;6.00000000;34.40000000
518.78059810;-1969.97807000;6.00000000;6.00000000;34.40000000
525.52891000;-1971.35361000;6.00000000;6.00000000;34.50000000
532.26124280;-1972.86493000;6.00000000;6.00000000;34.50000000
538.99358030;-1974.37626000;6.00000000;6.00000000;34.50000000
545.72592230;-1975.88759000;6.00000000;6.00000000;34.40000000
552.44840240;-1977.47019000;6.00000000;6.00000000;34.20000000
559.17065670;-1979.05249000;6.00000000;6.00000000;34.10000000
565.90965810;-1980.51214000;6.00000000;6.00000000;34.00000000
572.64866420;-1981.97179000;6.00000000;6.00000000;33.90000000
579.38605360;-1983.44409000;6.00000000;6.00000000;33.80000000
586.11842540;-1984.95543000;6.00000000;6.00000000;33.60000000
592.85080120;-1986.46693000;6.00000000;6.00000000;33.50000000
599.58318210;-1987.97828000;6.00000000;6.00000000;33.40000000
606.31952070;-1989.46185000;6.00000000;6.00000000;33.30000000
613.08652240;-1990.67325000;6.00000000;6.00000000;33.20000000
619.85386570;-1991.88451000;6.00000000;6.00000000;33.00000000
626.62191020;-1993.09576000;6.00000000;6.00000000;32.80000000
633.38303060;-1994.36457000;6.00000000;6.00000000;32.50000000
640.11525790;-1995.87608000;6.00000000;6.00000000;32.20000000
646.84827750;-1997.38744000;6.00000000;6.00000000;32.00000000
653.58009350;-1998.89880000;6.00000000;6.00000000;31.70000000
660.31359630;-2000.39550000;6.00000000;6.00000000;31.40000000
667.08852940;-2001.54196000;6.00000000;6.00000000;31.10000000
673.86230360;-2002.68842000;6.00000000;6.00000000;30.90000000
680.63719710;-2003.83488000;6.00000000;6.00000000;30.60000000
687.41153820;-2004.98135000;6.00000000;6.00000000;30.30000000
694.15132490;-2006.43255000;6.00000000;6.00000000;30.00000000
700.88785020;-2007.91245000;6.00000000;6.00000000;29.70000000
707.62437960;-2009.39251000;6.00000000;6.00000000;29.40000000
714.36089860;-2010.87242000;6.00000000;6.00000000;29.20000000
721.09786570;-2012.35233000;6.00000000;6.00000000;28.90000000
727.89223120;-2012.94133000;6.00000000;6.00000000;28.60000000
734.72390810;-2012.96581000;6.00000000;6.00000000;28.30000000
741.44368430;-2011.75038000;6.00000000;6.00000000;28.00000000
748.07729870;-2009.58039000;6.00000000;6.00000000;27.60000000
754.55358460;-2006.78853000;6.00000000;6.00000000;27.30000000
760.84077830;-2003.24966000;6.00000000;6.00000000;27.10000000
766.19656260;-1997.82517000;6.00000000;6.00000000;26.90000000
771.19099680;-1991.66911000;6.00000000;6.00000000;26.60000000
775.97325200;-1985.26576000;6.00000000;6.00000000;26.40000000
780.00446100;-1977.98650000;6.00000000;6.00000000;26.10000000
784.03566310;-1970.70723000;6.00000000;6.00000000;25.70000000
786.57097850;-1962.37665000;6.00000000;6.00000000;25.30000000
788.92567980;-1953.91916000;6.00000000;6.00000000;24.80000000
791.50830940;-1945.57825000;6.00000000;6.00000000;24.20000000
794.12007430;-1937.25225000;6.00000000;6.00000000;23.90000000
796.65507690;-1928.88600000;6.00000000;6.00000000;23.60000000
799.10664700;-1920.47622000;6.00000000;6.00000000;23.30000000
801.55820610;-1912.06644000;6.00000000;6.00000000;23.00000000
804.00986570;-1903.65650000;6.00000000;6.00000000;22.60000000
808.04337680;-1896.68252000;6.00000000;6.00000000;22.30000000
812.59424120;-1889.95504000;6.00000000;6.00000000;22.20000000
818.66673990;-1885.85450000;6.00000000;6.00000000;21.90000000
825.07959410;-1883.12883000;6.00000000;6.00000000;21.70000000
831.86540020;-1882.10664000;6.00000000;6.00000000;21.40000000
838.69715610;-1882.13103000;6.00000000;6.00000000;21.10000000
845.21249160;-1884.38558000;6.00000000;6.00000000;20.80000000
851.36310750;-1888.13075000;6.00000000;6.00000000;20.50000000
856.86789690;-1893.42511000;6.00000000;6.00000000;20.10000000
862.45822800;-1898.35919000;6.00000000;6.00000000;19.70000000
867.08367800;-1904.97284000;6.00000000;6.00000000;19.30000000
871.70843160;-1911.58711000;6.00000000;6.00000000;18.80000000
875.81009220;-1918.77637000;6.00000000;6.00000000;18.30000000
879.91174600;-1925.96564000;6.00000000;6.00000000;17.80000000
884.01339360;-1933.15476000;6.00000000;6.00000000;17.60000000
887.76686570;-1940.66726000;6.00000000;6.00000000;17.30000000
891.51658860;-1948.18331000;6.00000000;6.00000000;17.00000000
894.97985750;-1955.93390000;6.00000000;6.00000000;16.70000000
898.39893010;-1963.71907000;6.00000000;6.00000000;16.50000000
901.67586570;-1971.61024000;6.00000000;6.00000000;16.30000000
904.95291000;-1979.50157000;6.00000000;6.00000000;16.00000000
908.02244830;-1987.53527000;6.00000000;6.00000000;15.70000000
910.91767070;-1995.67716000;6.00000000;6.00000000;15.20000000
913.46982640;-2004.02191000;6.00000000;6.00000000;14.70000000
916.02197180;-2012.36650000;6.00000000;6.00000000;14.20000000
918.43742060;-2020.78146000;6.00000000;6.00000000;13.80000000
920.38988290;-2029.38772000;6.00000000;6.00000000;13.40000000
922.00835120;-2038.13047000;6.00000000;6.00000000;13.20000000
923.62621400;-2046.87338000;6.00000000;6.00000000;13.00000000
925.59663160;-2055.48188000;6.00000000;6.00000000;12.80000000
926.61828560;-2064.38119000;6.00000000;6.00000000;12.60000000
927.63992640;-2073.28050000;6.00000000;6.00000000;12.50000000
928.61958710;-2082.18568000;6.00000000;6.00000000;12.30000000
929.01806810;-2091.17259000;6.00000000;6.00000000;12.20000000
929.41653570;-2100.15951000;6.00000000;6.00000000;12.00000000
929.81499050;-2109.14627000;6.00000000;6.00000000;11.80000000
930.01538750;-2118.14081000;6.00000000;6.00000000;11.60000000
930.37139550;-2127.12125000;6.00000000;6.00000000;11.40000000
930.98368470;-2136.08656000;6.00000000;6.00000000;11.30000000
931.30067530;-2145.04370000;6.00000000;6.00000000;11.30000000
930.37004110;-2153.96548000;6.00000000;6.00000000;11.30000000
929.85424670;-2162.92487000;6.00000000;6.00000000;11.30000000
929.82182360;-2171.92815000;6.00000000;6.00000000;11.30000000
928.76284740;-2180.81612000;6.00000000;6.00000000;11.30000000
927.61312920;-2189.69403000;6.00000000;6.00000000;11.20000000
926.33674490;-2198.53182000;6.00000000;6.00000000;11.20000000
924.26986570;-2207.11870000;6.00000000;6.00000000;11.20000000
922.20321050;-2215.70556000;6.00000000;6.00000000;11.10000000
919.98913630;-2224.19928000;6.00000000;6.00000000;11.10000000
916.44986570;-2231.88074000;6.00000000;6.00000000;11.00000000
913.65737520;-2240.10469000;6.00000000;6.00000000;11.10000000
910.83964940;-2248.30617000;6.00000000;6.00000000;11.10000000
905.99783900;-2254.67082000;6.00000000;6.00000000;11.00000000
901.26694420;-2261.14732000;6.00000000;6.00000000;11.10000000
897.86187640;-2268.96167000;6.00000000;6.00000000;11.20000000
893.50800560;-2275.83391000;6.00000000;6.00000000;11.40000000
888.74089810;-2282.29560000;6.00000000;6.00000000;11.60000000
883.96811770;-2288.75015000;6.00000000;6.00000000;11.70000000
879.07703140;-2295.04265000;6.00000000;6.00000000;11.90000000
873.77886570;-2300.74170000;6.00000000;6.00000000;12.00000000
868.48171090;-2306.44073000;6.00000000;6.00000000;12.00000000
863.18411610;-2312.13977000;6.00000000;6.00000000;12.30000000
857.59709330;-2317.30751000;6.00000000;6.00000000;12.40000000
851.67057070;-2321.80208000;6.00000000;6.00000000;12.60000000
845.74404910;-2326.29650000;6.00000000;6.00000000;12.70000000
839.81752750;-2330.79106000;6.00000000;6.00000000;12.80000000
833.42552880;-2333.93697000;6.00000000;6.00000000;12.90000000
826.96939570;-2336.90111000;6.00000000;6.00000000;13.00000000
820.51390810;-2339.86510000;6.00000000;6.00000000;13.00000000
813.95899080;-2342.03932000;6.00000000;6.00000000;13.00000000
807.20485880;-2343.06977000;6.00000000;6.00000000;13.00000000
800.50633950;-2344.85834000;6.00000000;6.00000000;13.10000000
793.80447940;-2346.59719000;6.00000000;6.00000000;13.10000000
786.97275990;-2346.57245000;6.00000000;6.00000000;13.20000000
780.15222720;-2346.99617000;6.00000000;6.00000000;13.30000000
773.33696970;-2347.64821000;6.00000000;6.00000000;13.40000000
766.52878430;-2347.71988000;6.00000000;6.00000000;13.60000000
759.73026640;-2346.85076000;6.00000000;6.00000000;13.80000000
752.92303230;-2346.18968000;6.00000000;6.00000000;13.90000000
746.12086570;-2345.36979000;6.00000000;6.00000000;14.00000000
739.31882620;-2344.54990000;6.00000000;6.00000000;14.20000000
732.51673060;-2343.73001000;6.00000000;6.00000000;14.30000000
725.72185130;-2342.81969000;6.00000000;6.00000000;14.50000000
718.93600120;-2341.79595000;6.00000000;6.00000000;14.60000000
712.15015610;-2340.77222000;6.00000000;6.00000000;14.70000000
705.36431580;-2339.74848000;6.00000000;6.00000000;14.90000000
698.57847990;-2338.72490000;6.00000000;6.00000000;15.00000000
691.79264940;-2337.70117000;6.00000000;6.00000000;15.10000000
685.00682380;-2336.67744000;6.00000000;6.00000000;15.30000000
678.22086570;-2335.65371000;6.00000000;6.00000000;15.40000000
671.43518680;-2334.63014000;6.00000000;6.00000000;15.60000000
664.64937590;-2333.60642000;6.00000000;6.00000000;15.80000000
657.86357000;-2332.58269000;6.00000000;6.00000000;16.00000000
651.07776890;-2331.55897000;6.00000000;6.00000000;16.10000000
644.29107620;-2330.54621000;6.00000000;6.00000000;16.30000000
637.49511310;-2329.65010000;6.00000000;6.00000000;16.40000000
630.69834420;-2328.75400000;6.00000000;6.00000000;16.60000000
623.90198570;-2327.85790000;6.00000000;6.00000000;16.70000000
617.10563210;-2326.96180000;6.00000000;6.00000000;16.80000000
610.30928340;-2326.06570000;6.00000000;6.00000000;17.00000000
603.51293970;-2325.16961000;6.00000000;6.00000000;17.10000000
596.71660090;-2324.27351000;6.00000000;6.00000000;17.30000000
591.35440670;-2323.62727000;6.00000000;6.00000000;17.40000000
585.99221620;-2322.98086000;6.00000000;6.00000000;17.60000000
580.63002810;-2322.33462000;6.00000000;6.00000000;17.70000000
575.26784320;-2321.68837000;6.00000000;6.00000000;17.80000000
569.91663570;-2320.95881000;6.00000000;6.00000000;17.90000000
564.69974040;-2319.21052000;6.00000000;6.00000000;18.10000000
559.46274560;-2317.58272000;6.00000000;6.00000000;18.20000000
554.17472250;-2316.24924000;6.00000000;6.00000000;18.30000000
548.88713580;-2314.91592000;6.00000000;6.00000000;18.40000000
543.59955180;-2313.58260000;6.00000000;6.00000000;18.50000000
538.31197120;-2312.24912000;6.00000000;6.00000000;18.70000000
533.02439280;-2310.91581000;6.00000000;6.00000000;18.80000000
527.73681770;-2309.58234000;6.00000000;6.00000000;18.90000000
522.44317980;-2308.29346000;6.00000000;6.00000000;19.00000000
517.13070990;-2307.14266000;6.00000000;6.00000000;19.20000000
511.81824340;-2305.99171000;6.00000000;6.00000000;19.30000000
506.50586570;-2304.84091000;6.00000000;6.00000000;19.40000000
501.19331850;-2303.68997000;6.00000000;6.00000000;19.50000000
495.88086010;-2302.53917000;6.00000000;6.00000000;19.70000000
490.56763750;-2301.38822000;6.00000000;6.00000000;19.80000000
485.25595260;-2300.23744000;6.00000000;6.00000000;19.90000000
479.95255710;-2299.03497000;6.00000000;6.00000000;20.00000000
474.79179420;-2297.01988000;6.00000000;6.00000000;20.10000000
469.63106430;-2295.00494000;6.00000000;6.00000000;20.30000000
464.47027470;-2292.98986000;6.00000000;6.00000000;20.40000000
459.30951800;-2290.97492000;6.00000000;6.00000000;20.50000000
454.14876360;-2288.95999000;6.00000000;6.00000000;20.60000000
448.92420210;-2287.26975000;6.00000000;6.00000000;20.70000000
443.66488680;-2285.75659000;6.00000000;6.00000000;20.80000000
438.56930070;-2283.55606000;6.00000000;6.00000000;20.80000000
433.59165680;-2280.86017000;6.00000000;6.00000000;20.90000000
428.61401430;-2278.16428000;6.00000000;6.00000000;20.90000000
423.63637340;-2275.46840000;6.00000000;6.00000000;21.00000000
418.65873400;-2272.77252000;6.00000000;6.00000000;21.10000000
413.68109550;-2270.07680000;6.00000000;6.00000000;21.10000000
408.70345920;-2267.38092000;6.00000000;6.00000000;21.20000000
403.72582430;-2264.68505000;6.00000000;6.00000000;21.20000000
398.74772110;-2261.98933000;6.00000000;6.00000000;21.30000000
393.77055850;-2259.29347000;6.00000000;6.00000000;21.30000000
388.79292820;-2256.59761000;6.00000000;6.00000000;21.40000000
383.81250430;-2253.91115000;6.00000000;6.00000000;21.40000000
378.78218670;-2251.39014000;6.00000000;6.00000000;21.50000000
373.80531670;-2248.71466000;6.00000000;6.00000000;21.50000000
369.03572500;-2245.43209000;6.00000000;6.00000000;21.60000000
364.26540250;-2242.14952000;6.00000000;6.00000000;21.70000000
359.49572680;-2238.86696000;6.00000000;6.00000000;21.90000000
354.72605170;-2235.58440000;6.00000000;6.00000000;22.00000000
349.95617190;-2232.30246000;6.00000000;6.00000000;22.00000000
345.12034960;-2229.19038000;6.00000000;6.00000000;22.10000000
340.28644050;-2226.07816000;6.00000000;6.00000000;22.10000000
335.45063830;-2222.96609000;6.00000000;6.00000000;22.20000000
330.61546270;-2219.85387000;6.00000000;6.00000000;22.20000000
325.88433850;-2216.48781000;6.00000000;6.00000000;22.20000000
321.25149930;-2212.88178000;6.00000000;6.00000000;22.20000000
316.61866020;-2209.27575000;6.00000000;6.00000000;22.10000000
311.98582070;-2205.66989000;6.00000000;6.00000000;22.10000000
307.35298200;-2202.06387000;6.00000000;6.00000000;22.10000000
302.72014290;-2198.45801000;6.00000000;6.00000000;22.20000000
298.08458580;-2194.85801000;6.00000000;6.00000000;22.40000000
293.44624000;-2191.26433000;6.00000000;6.00000000;22.50000000
288.80789390;-2187.67080000;6.00000000;6.00000000;22.70000000
284.16954860;-2184.07713000;6.00000000;6.00000000;22.80000000
279.53120340;-2180.48346000;6.00000000;6.00000000;22.90000000
274.89286570;-2176.88980000;6.00000000;6.00000000;22.90000000
270.25451320;-2173.29629000;6.00000000;6.00000000;23.00000000
265.61616870;-2169.70264000;6.00000000;6.00000000;23.00000000
260.97782440;-2166.10898000;6.00000000;6.00000000;23.00000000
256.33986570;-2162.51549000;6.00000000;6.00000000;23.00000000
251.70660220;-2158.90982000;6.00000000;6.00000000;23.00000000
247.10811650;-2155.22850000;6.00000000;6.00000000;23.00000000
242.57957150;-2151.40295000;6.00000000;6.00000000;23.00000000
238.13814650;-2147.40300000;6.00000000;6.00000000;22.90000000
233.69595340;-2143.40290000;6.00000000;6.00000000;22.80000000
229.25386570;-2139.40280000;6.00000000;6.00000000;22.70000000
224.81157340;-2135.40270000;6.00000000;6.00000000;22.50000000
220.36938670;-2131.40261000;6.00000000;6.00000000;22.30000000
215.92719950;-2127.40252000;6.00000000;6.00000000;22.30000000
211.48501190;-2123.40243000;6.00000000;6.00000000;22.20000000
207.04346110;-2119.40236000;6.00000000;6.00000000;22.10000000
202.60086570;-2115.40228000;6.00000000;6.00000000;22.10000000
198.15844530;-2111.40236000;6.00000000;6.00000000;22.20000000
193.87186570;-2107.11745000;6.00000000;6.00000000;22.30000000
189.58718990;-2102.83040000;6.00000000;6.00000000;22.30000000
185.30218000;-2098.54335000;6.00000000;6.00000000;22.20000000
181.01745870;-2094.25630000;6.00000000;6.00000000;22.00000000
176.73215720;-2089.96926000;6.00000000;6.00000000;22.00000000
172.44714430;-2085.68222000;6.00000000;6.00000000;22.10000000
168.16213030;-2081.39518000;6.00000000;6.00000000;22.10000000
163.87711520;-2077.10815000;6.00000000;6.00000000;22.00000000
159.59209910;-2072.82112000;6.00000000;6.00000000;22.00000000
155.30708190;-2068.53410000;6.00000000;6.00000000;22.10000000
151.16627290;-2064.01716000;6.00000000;6.00000000;22.10000000
147.16186570;-2059.28230000;6.00000000;6.00000000;22.00000000
143.15805720;-2054.54760000;6.00000000;6.00000000;21.80000000
139.15394670;-2049.81275000;6.00000000;6.00000000;21.50000000
135.14983420;-2045.07791000;6.00000000;6.00000000;21.40000000
131.14571920;-2040.34322000;6.00000000;6.00000000;21.20000000
127.14160270;-2035.60839000;6.00000000;6.00000000;21.10000000
123.13748420;-2030.87356000;6.00000000;6.00000000;21.00000000
119.13785360;-2026.13288000;6.00000000;6.00000000;20.90000000
115.51388550;-2020.89331000;6.00000000;6.00000000;20.80000000
111.89031890;-2015.65374000;6.00000000;6.00000000;20.70000000
108.26593990;-2010.41418000;6.00000000;6.00000000;20.60000000
104.81196700;-2005.01254000;6.00000000;6.00000000;20.40000000
102.17243520;-1998.83406000;6.00000000;6.00000000;20.30000000
100.38389410;-1992.28942000;6.00000000;6.00000000;20.20000000
99.76433767;-1985.24194000;6.00000000;6.00000000;20.00000000
99.16786212;-1978.19654000;6.00000000;6.00000000;19.90000000
100.57359180;-1971.34261000;6.00000000;6.00000000;19.70000000
101.97901710;-1964.48852000;6.00000000;6.00000000;19.50000000
103.21852920;-1957.58073000;6.00000000;6.00000000;19.40000000
104.83631160;-1950.84378000;6.00000000;6.00000000;19.30000000
107.03745060;-1944.36157000;6.00000000;6.00000000;19.20000000
109.23858360;-1937.87921000;6.00000000;6.00000000;19.10000000
111.43970960;-1931.39700000;6.00000000;6.00000000;19.00000000
113.64082910;-1924.91479000;6.00000000;6.00000000;18.90000000
115.84194270;-1918.43242000;6.00000000;6.00000000;18.80000000
118.04341650;-1911.95020000;6.00000000;6.00000000;18.70000000
120.24415000;-1905.46782000;6.00000000;6.00000000;18.60000000
122.44524380;-1898.98560000;6.00000000;6.00000000;18.50000000
124.64633430;-1892.50321000;6.00000000;6.00000000;18.50000000
126.84743390;-1886.02098000;6.00000000;6.00000000;18.60000000
129.04852750;-1879.53859000;6.00000000;6.00000000;18.60000000
131.24961400;-1873.05635000;6.00000000;6.00000000;18.70000000
133.45069470;-1866.57396000;6.00000000;6.00000000;18.70000000
135.77096150;-1860.16438000;6.00000000;6.00000000;18.80000000
138.10922790;-1853.76566000;6.00000000;6.00000000;18.80000000
140.44748750;-1847.36709000;6.00000000;6.00000000;18.90000000
142.78574140;-1840.96837000;6.00000000;6.00000000;18.90000000
145.12398920;-1834.56964000;6.00000000;6.00000000;19.00000000
147.46186570;-1828.17106000;6.00000000;6.00000000;19.30000000
149.80046550;-1821.77233000;6.00000000;6.00000000;19.40000000
152.13840680;-1815.37359000;6.00000000;6.00000000;19.40000000
154.47691750;-1808.97485000;6.00000000;6.00000000;19.50000000
156.69986570;-1802.50809000;6.00000000;6.00000000;19.70000000
158.79602160;-1795.96570000;6.00000000;6.00000000;19.90000000
160.89176770;-1789.42316000;6.00000000;6.00000000;20.10000000
162.98746880;-1782.88077000;6.00000000;6.00000000;20.30000000
165.08316390;-1776.33822000;6.00000000;6.00000000;20.40000000
167.17885230;-1769.79567000;6.00000000;6.00000000;20.50000000
169.27453350;-1763.25327000;6.00000000;6.00000000;20.60000000
171.37020860;-1756.71071000;6.00000000;6.00000000;20.60000000
173.23298920;-1750.07410000;6.00000000;6.00000000;20.70000000
174.29627250;-1743.11467000;6.00000000;6.00000000;20.70000000
175.35882150;-1736.15508000;6.00000000;6.00000000;20.70000000
176.42281570;-1729.19565000;6.00000000;6.00000000;20.80000000
177.48607520;-1722.23622000;6.00000000;6.00000000;20.80000000
178.54932720;-1715.27663000;6.00000000;6.00000000;20.80000000
179.24046620;-1708.29148000;6.00000000;6.00000000;20.80000000
178.75752560;-1701.22484000;6.00000000;6.00000000;20.80000000
178.27457630;-1694.15835000;6.00000000;6.00000000;20.80000000
177.79162020;-1687.09186000;6.00000000;6.00000000;20.80000000
177.30866340;-1680.02522000;6.00000000;6.00000000;20.80000000
176.82569790;-1672.95874000;6.00000000;6.00000000;20.80000000
176.21749220;-1665.92360000;6.00000000;6.00000000;20.90000000
174.71882690;-1659.11144000;6.00000000;6.00000000;20.90000000
173.15545950;-1652.33146000;6.00000000;6.00000000;20.90000000
170.87240980;-1645.91027000;6.00000000;6.00000000;21.00000000
168.58935380;-1639.48908000;6.00000000;6.00000000;21.00000000
166.30629160;-1633.06789000;6.00000000;6.00000000;21.00000000
163.60381800;-1626.94991000;6.00000000;6.00000000;21.00000000
160.73286570;-1620.95374000;6.00000000;6.00000000;21.00000000
157.86113960;-1614.95772000;6.00000000;6.00000000;21.00000000
154.98979260;-1608.96171000;6.00000000;6.00000000;21.00000000
152.11844040;-1602.96570000;6.00000000;6.00000000;21.00000000
149.24708370;-1596.96954000;6.00000000;6.00000000;21.00000000
145.99887060;-1591.42923000;6.00000000;6.00000000;21.00000000
142.27105050;-1586.40662000;6.00000000;6.00000000;21.00000000
139.01072120;-1580.76704000;6.00000000;6.00000000;21.00000000
135.75038780;-1575.12745000;6.00000000;6.00000000;20.90000000
132.49005020;-1569.48788000;6.00000000;6.00000000;20.80000000
129.22970790;-1563.84846000;6.00000000;6.00000000;20.70000000
125.93221280;-1558.24719000;6.00000000;6.00000000;20.70000000
122.56033210;-1552.72283000;6.00000000;6.00000000;20.60000000
119.18844760;-1547.19849000;6.00000000;6.00000000;20.50000000
115.81686570;-1541.67414000;6.00000000;6.00000000;20.40000000
112.44466710;-1536.14980000;6.00000000;6.00000000;20.40000000
109.10586570;-1530.59162000;6.00000000;6.00000000;20.30000000
105.84513560;-1524.95208000;6.00000000;6.00000000;20.20000000
102.58479940;-1519.31254000;6.00000000;6.00000000;20.10000000
99.32445898;-1513.67300000;6.00000000;6.00000000;20.00000000
96.06411447;-1508.03347000;6.00000000;6.00000000;20.00000000
92.80386573;-1502.39409000;6.00000000;6.00000000;19.90000000
89.54341249;-1496.75457000;6.00000000;6.00000000;19.80000000
86.28305557;-1491.11504000;6.00000000;6.00000000;19.70000000
83.02269451;-1485.47553000;6.00000000;6.00000000;19.70000000
79.76186573;-1479.83601000;6.00000000;6.00000000;19.60000000
76.50195946;-1474.19666000;6.00000000;6.00000000;19.50000000
73.24105531;-1468.55715000;6.00000000;6.00000000;19.40000000
69.98068917;-1462.91765000;6.00000000;6.00000000;19.20000000
66.72032013;-1457.27831000;6.00000000;6.00000000;19.10000000
63.46044027;-1451.63882000;6.00000000;6.00000000;18.80000000
60.20005027;-1445.99933000;6.00000000;6.00000000;18.60000000
56.85653301;-1440.44614000;6.00000000;6.00000000;18.40000000
53.46984049;-1434.93710000;6.00000000;6.00000000;18.10000000
50.08469141;-1429.42807000;6.00000000;6.00000000;17.90000000
46.69788685;-1423.91904000;6.00000000;6.00000000;17.80000000
43.31127924;-1418.41002000;6.00000000;6.00000000;17.70000000
39.92612386;-1412.90100000;6.00000000;6.00000000;17.50000000
36.53886573;-1407.39198000;6.00000000;6.00000000;17.40000000
33.15269911;-1401.88297000;6.00000000;6.00000000;17.20000000
29.76598360;-1396.37396000;6.00000000;6.00000000;17.00000000
26.38049192;-1390.86496000;6.00000000;6.00000000;16.80000000
22.99424613;-1385.35596000;6.00000000;6.00000000;16.50000000
18.90387897;-1380.83247000;6.00000000;6.00000000;16.40000000
14.52623080;-1376.71098000;6.00000000;6.00000000;16.20000000
10.14858245;-1372.58933000;6.00000000;6.00000000;16.00000000
5.77131553;-1368.46785000;6.00000000;6.00000000;15.80000000
1.39328249;-1364.34637000;6.00000000;6.00000000;15.60000000
-2.98436858;-1360.22489000;6.00000000;6.00000000;15.40000000
-7.83647832;-1360.67305000;6.00000000;6.00000000;15.20000000
-12.89531895;-1363.11805000;6.00000000;6.00000000;14.90000000
-17.95440822;-1365.56304000;6.00000000;6.00000000;14.70000000
-23.01349567;-1368.00803000;6.00000000;6.00000000;14.50000000
-28.07258129;-1370.45302000;6.00000000;6.00000000;14.20000000
-33.13166507;-1372.89801000;6.00000000;6.00000000;14.00000000
-38.19074703;-1375.34299000;6.00000000;6.00000000;13.80000000
-43.24982716;-1377.78797000;6.00000000;6.00000000;13.50000000
-48.30890545;-1380.23295000;6.00000000;6.00000000;13.30000000
-53.36798192;-1382.67792000;6.00000000;6.00000000;13.10000000
-58.42705656;-1385.12290000;6.00000000;6.00000000;12.80000000
-63.48613427;-1387.56786000;6.00000000;6.00000000;12.60000000
-68.54520034;-1390.01283000;6.00000000;6.00000000;12.40000000
-73.60426895;-1392.45764000;6.00000000;6.00000000;12.10000000
-78.66313427;-1394.90260000;6.00000000;6.00000000;11.90000000
-83.72240175;-1397.34756000;6.00000000;6.00000000;11.70000000
-88.78146541;-1399.79252000;6.00000000;6.00000000;11.40000000
-93.83213427;-1402.26852000;6.00000000;6.00000000;11.20000000
-98.87913427;-1404.75349000;6.00000000;6.00000000;11.00000000
-103.92757920;-1407.23830000;6.00000000;6.00000000;10.70000000
-108.97513430;-1409.72326000;6.00000000;6.00000000;10.50000000
-114.02329480;-1412.20821000;6.00000000;6.00000000;10.30000000
-119.05923070;-1413.54411000;6.00000000;6.00000000;10.00000000
-124.05096590;-1410.89635000;6.00000000;6.00000000;9.90000000
-129.04322610;-1408.24860000;6.00000000;6.00000000;9.80000000
-134.03548480;-1405.60084000;6.00000000;6.00000000;9.70000000
-139.02774190;-1402.95309000;6.00000000;6.00000000;9.60000000
-144.02022600;-1400.30535000;6.00000000;6.00000000;9.40000000
-145.57137680;-1393.74826000;6.00000000;6.00000000;9.30000000
-147.32269910;-1387.04261000;6.00000000;6.00000000;9.30000000
-149.07402860;-1380.33696000;6.00000000;6.00000000;9.20000000
-150.82536530;-1373.63131000;6.00000000;6.00000000;9.00000000
-152.58704020;-1366.93042000;6.00000000;6.00000000;8.80000000
-154.36810390;-1360.23841000;6.00000000;6.00000000;8.60000000
-156.14917480;-1353.54641000;6.00000000;6.00000000;8.40000000
-157.93025330;-1346.85456000;6.00000000;6.00000000;8.20000000
-159.71133830;-1340.16256000;6.00000000;6.00000000;8.00000000
-161.49243050;-1333.47056000;6.00000000;6.00000000;8.00000000
-163.27355580;-1326.77872000;6.00000000;6.00000000;7.90000000
-165.05463670;-1320.08673000;6.00000000;6.00000000;7.90000000
-166.83575080;-1313.39489000;6.00000000;6.00000000;7.80000000
-168.61672070;-1306.70291000;6.00000000;6.00000000;7.80000000
-170.39799920;-1300.01092000;6.00000000;6.00000000;7.70000000
-172.17913460;-1293.31910000;6.00000000;6.00000000;7.60000000
-173.96027660;-1286.62712000;6.00000000;6.00000000;7.40000000
-175.74204120;-1279.93529000;6.00000000;6.00000000;7.20000000
-177.52258250;-1273.24332000;6.00000000;6.00000000;7.00000000
-179.30374630;-1266.55150000;6.00000000;6.00000000;6.80000000
-181.08491680;-1259.85953000;6.00000000;6.00000000;6.60000000
-182.86613430;-1253.16772000;6.00000000;6.00000000;6.50000000
-184.64727960;-1246.47576000;6.00000000;6.00000000;6.40000000
-186.42847190;-1239.78395000;6.00000000;6.00000000;6.40000000
-188.21013430;-1233.09199000;6.00000000;6.00000000;6.30000000
-189.99087740;-1226.40019000;6.00000000;6.00000000;6.30000000
-191.77209110;-1219.70840000;6.00000000;6.00000000;6.20000000
-193.55331130;-1213.01644000;6.00000000;6.00000000;6.20000000
-195.33453920;-1206.32465000;6.00000000;6.00000000;6.00000000
-197.11533590;-1199.63271000;6.00000000;6.00000000;5.90000000
-198.89701590;-1192.94092000;6.00000000;6.00000000;5.70000000
-200.67813450;-1186.24913000;6.00000000;6.00000000;5.50000000
-202.45913430;-1179.55720000;6.00000000;6.00000000;5.20000000
-204.24095100;-1172.86542000;6.00000000;6.00000000;5.10000000
-206.02205500;-1166.17364000;6.00000000;6.00000000;5.00000000
-207.80333280;-1159.48186000;6.00000000;6.00000000;5.00000000
-209.60271580;-1152.79852000;6.00000000;6.00000000;4.90000000
-211.42100640;-1146.12406000;6.00000000;6.00000000;4.90000000
-213.23930410;-1139.44960000;6.00000000;6.00000000;4.80000000
-215.05760930;-1132.77530000;6.00000000;6.00000000;4.70000000
-216.87515540;-1126.10086000;6.00000000;6.00000000;4.70000000
-218.69424000;-1119.42641000;6.00000000;6.00000000;4.60000000
-220.51256590;-1112.75196000;6.00000000;6.00000000;4.60000000
-222.33089940;-1106.07768000;6.00000000;6.00000000;4.50000000
-224.14923940;-1099.40324000;6.00000000;6.00000000;4.50000000
-225.96686910;-1092.72880000;6.00000000;6.00000000;4.40000000
-227.78594120;-1086.05452000;6.00000000;6.00000000;4.40000000
-229.60430240;-1079.38009000;6.00000000;6.00000000;4.30000000
-231.42267120;-1072.70581000;6.00000000;6.00000000;4.10000000
-233.24104660;-1066.03139000;6.00000000;6.00000000;3.90000000
-235.05942900;-1059.35697000;6.00000000;6.00000000;3.70000000
-236.87781900;-1052.68270000;6.00000000;6.00000000;3.50000000
-238.69621550;-1046.00828000;6.00000000;6.00000000;3.30000000
-240.51461960;-1039.33402000;6.00000000;6.00000000;3.10000000
-242.33303030;-1032.65961000;6.00000000;6.00000000;3.10000000
-244.15144850;-1025.98535000;6.00000000;6.00000000;3.00000000
-245.97028470;-1019.31094000;6.00000000;6.00000000;3.00000000
-247.78830570;-1012.63669000;6.00000000;6.00000000;2.90000000
-249.60648110;-1005.96229000;6.00000000;6.00000000;2.90000000
-251.42519100;-999.28805000;6.00000000;6.00000000;2.80000000
-253.24364460;-992.61381000;6.00000000;6.00000000;2.70000000
-255.06210470;-985.93941000;6.00000000;6.00000000;2.50000000
-256.87737000;-979.26364000;6.00000000;6.00000000;2.30000000
-258.68623730;-972.58481000;6.00000000;6.00000000;2.10000000
-260.49511170;-965.90598000;6.00000000;6.00000000;1.90000000
-262.30399320;-959.22716000;6.00000000;6.00000000;1.70000000
-264.11313430;-952.54833000;6.00000000;6.00000000;1.50000000
-265.88813430;-945.85435000;6.00000000;6.00000000;1.50000000
-267.55998720;-939.11334000;6.00000000;6.00000000;1.50000000
-269.23174000;-932.37249000;6.00000000;6.00000000;1.40000000
-270.90350010;-925.63165000;6.00000000;6.00000000;1.40000000
-272.57526740;-918.89080000;6.00000000;6.00000000;1.30000000
-274.36626310;-912.20450000;6.00000000;6.00000000;1.30000000
-276.21818160;-905.54638000;6.00000000;6.00000000;1.10000000
-278.07016920;-898.88811000;6.00000000;6.00000000;0.90000000
-279.92216440;-892.23000000;6.00000000;6.00000000;0.70000000
-281.77416660;-885.57189000;6.00000000;6.00000000;0.50000000
-283.62679900;-878.91362000;6.00000000;6.00000000;0.30000000
-285.38533020;-872.21185000;6.00000000;6.00000000;0.10000000
-287.12943220;-865.50319000;6.00000000;6.00000000;0.00000000
-288.87354080;-858.79438000;6.00000000;6.00000000;0.00000000
-290.61765660;-852.08557000;6.00000000;6.00000000;-0.10000000
-292.36177960;-845.37676000;6.00000000;6.00000000;-0.10000000
-294.10647410;-838.66795000;6.00000000;6.00000000;-0.20000000
-295.85004710;-831.95915000;6.00000000;6.00000000;-0.20000000
-297.59351260;-825.25035000;6.00000000;6.00000000;-0.30000000
-299.33813430;-818.54155000;6.00000000;6.00000000;-0.50000000
-301.16031600;-811.87293000;6.00000000;6.00000000;-0.60000000
-303.12003160;-805.27514000;6.00000000;6.00000000;-0.80000000
-304.86413430;-798.56635000;6.00000000;6.00000000;-1.00000000
-306.60832640;-791.85756000;6.00000000;6.00000000;-1.20000000
-308.35213430;-785.14877000;6.00000000;6.00000000;-1.40000000
-310.09665040;-778.44015000;6.00000000;6.00000000;-1.50000000
-311.84070570;-771.73137000;6.00000000;6.00000000;-1.60000000
-313.58500250;-765.02259000;6.00000000;6.00000000;-1.60000000
-315.32918930;-758.31381000;6.00000000;6.00000000;-1.70000000
-317.07338380;-751.60520000;6.00000000;6.00000000;-1.70000000
-318.81758490;-744.89643000;6.00000000;6.00000000;-1.70000000
-320.85720310;-738.33960000;6.00000000;6.00000000;-1.80000000
-322.62376570;-731.64110000;6.00000000;6.00000000;-2.00000000
-324.39033550;-724.94260000;6.00000000;6.00000000;-2.20000000
-326.15691240;-718.24411000;6.00000000;6.00000000;-2.40000000
-327.92349640;-711.54561000;6.00000000;6.00000000;-2.60000000
-329.69008750;-704.84712000;6.00000000;6.00000000;-2.80000000
-331.45668580;-698.14864000;6.00000000;6.00000000;-3.00000000
-333.22291250;-691.45015000;6.00000000;6.00000000;-3.10000000
-334.98990380;-684.75167000;6.00000000;6.00000000;-3.10000000
-336.75652350;-678.05319000;6.00000000;6.00000000;-3.20000000
-338.52315030;-671.35471000;6.00000000;6.00000000;-3.20000000
-340.28978430;-664.65624000;6.00000000;6.00000000;-3.20000000
-342.05642590;-657.95792000;6.00000000;6.00000000;-3.30000000
-343.82307420;-651.25946000;6.00000000;6.00000000;-3.40000000
-345.59013430;-644.56099000;6.00000000;6.00000000;-3.60000000
-347.36353570;-637.86590000;6.00000000;6.00000000;-3.80000000
-349.15177220;-631.17739000;6.00000000;6.00000000;-4.00000000
-350.94001580;-624.48889000;6.00000000;6.00000000;-4.20000000
-352.72826700;-617.80055000;6.00000000;6.00000000;-4.40000000
-354.51613430;-611.11206000;6.00000000;6.00000000;-4.60000000
-356.30513430;-604.42372000;6.00000000;6.00000000;-4.60000000
-358.10591480;-597.74136000;6.00000000;6.00000000;-4.70000000
-359.93361950;-591.07157000;6.00000000;6.00000000;-4.70000000
-361.76133130;-584.40178000;6.00000000;6.00000000;-4.70000000
-363.58870660;-577.73199000;6.00000000;6.00000000;-4.80000000
-365.41677600;-571.06220000;6.00000000;6.00000000;-4.80000000
-367.24450890;-564.39242000;6.00000000;6.00000000;-5.00000000
-369.07224890;-557.72264000;6.00000000;6.00000000;-5.20000000
-370.89999590;-551.05287000;6.00000000;6.00000000;-5.40000000
-372.72775000;-544.38309000;6.00000000;6.00000000;-5.60000000
-374.55551110;-537.71332000;6.00000000;6.00000000;-5.80000000
-376.38327930;-531.04355000;6.00000000;6.00000000;-6.00000000
-378.21105440;-524.37379000;6.00000000;6.00000000;-6.10000000
-380.03883670;-517.70403000;6.00000000;6.00000000;-6.20000000
-381.86662600;-511.03426000;6.00000000;6.00000000;-6.20000000
-383.69413430;-504.36466000;6.00000000;6.00000000;-6.30000000
-385.52222630;-497.69491000;6.00000000;6.00000000;-6.30000000
-387.35003670;-491.02515000;6.00000000;6.00000000;-6.30000000
-389.17785420;-484.35540000;6.00000000;6.00000000;-6.40000000
-391.00567870;-477.68566000;6.00000000;6.00000000;-6.50000000
-392.83351080;-471.01607000;6.00000000;6.00000000;-6.70000000
-394.33738520;-464.27181000;6.00000000;6.00000000;-6.90000000
-395.40113430;-457.46037000;6.00000000;6.00000000;-7.10000000
-397.45927900;-450.90884000;6.00000000;6.00000000;-7.30000000
-399.51755700;-444.35716000;6.00000000;6.00000000;-7.50000000
-401.57584220;-437.80564000;6.00000000;6.00000000;-7.70000000
-403.54713430;-431.23142000;6.00000000;6.00000000;-7.70000000
-404.20895060;-424.28524000;6.00000000;6.00000000;-7.80000000
-405.94710150;-417.57399000;6.00000000;6.00000000;-7.80000000
-407.68525900;-410.86260000;6.00000000;6.00000000;-7.80000000
-409.42342380;-404.15120000;6.00000000;6.00000000;-7.90000000
-411.16159570;-397.43981000;6.00000000;6.00000000;-7.90000000
-412.91263440;-390.73455000;6.00000000;6.00000000;-8.10000000
-414.78599750;-384.08691000;6.00000000;6.00000000;-8.30000000
-416.66006450;-377.43927000;6.00000000;6.00000000;-8.50000000
-418.53274480;-370.79164000;6.00000000;6.00000000;-8.70000000
-420.40612890;-364.14401000;6.00000000;6.00000000;-8.90000000
-422.27952000;-357.49638000;6.00000000;6.00000000;-9.10000000
-424.15313430;-350.84891000;6.00000000;6.00000000;-9.20000000
-426.02632360;-344.20128000;6.00000000;6.00000000;-9.30000000
-427.89973560;-337.55366000;6.00000000;6.00000000;-9.30000000
-429.77315510;-330.90620000;6.00000000;6.00000000;-9.30000000
-431.64658110;-324.25858000;6.00000000;6.00000000;-9.40000000
-433.52001410;-317.61097000;6.00000000;6.00000000;-9.40000000
-435.39345000;-310.96336000;6.00000000;6.00000000;-9.50000000
-437.26690140;-304.31590000;6.00000000;6.00000000;-9.60000000
-439.14111370;-297.66830000;6.00000000;6.00000000;-9.70000000
-441.01381670;-291.02085000;6.00000000;6.00000000;-9.90000000
-442.83113430;-284.34659000;6.00000000;6.00000000;-10.00000000
-444.59813430;-277.64842000;6.00000000;6.00000000;-10.20000000
-446.36508370;-270.95010000;6.00000000;6.00000000;-10.40000000
-448.13195510;-264.25194000;6.00000000;6.00000000;-10.60000000
-449.89883310;-257.55363000;6.00000000;6.00000000;-10.70000000
-451.66571820;-250.85531000;6.00000000;6.00000000;-10.80000000
-453.43261100;-244.15716000;6.00000000;6.00000000;-10.90000000
-455.19951040;-237.45885000;6.00000000;6.00000000;-10.90000000
-456.96641750;-230.76071000;6.00000000;6.00000000;-11.00000000
-458.73333160;-224.06256000;6.00000000;6.00000000;-11.00000000
-460.50025250;-217.36426000;6.00000000;6.00000000;-11.20000000
-462.26718090;-210.66612000;6.00000000;6.00000000;-11.40000000
-464.03411600;-203.96783000;6.00000000;6.00000000;-11.60000000
-465.80104450;-197.26969000;6.00000000;6.00000000;-11.80000000
-467.56800810;-190.57140000;6.00000000;6.00000000;-12.00000000
-469.31305640;-183.86332000;6.00000000;6.00000000;-12.20000000
-471.05136330;-177.15201000;6.00000000;6.00000000;-12.30000000
-472.78967750;-170.44071000;6.00000000;6.00000000;-12.40000000
-474.52799930;-163.72956000;6.00000000;6.00000000;-12.40000000
-476.26632780;-157.01827000;6.00000000;6.00000000;-12.40000000
-478.20107780;-150.40802000;6.00000000;6.00000000;-12.50000000
-480.05126280;-143.75361000;6.00000000;6.00000000;-12.50000000
-481.80339470;-137.04876000;6.00000000;6.00000000;-12.60000000
-483.55524600;-130.34375000;6.00000000;6.00000000;-12.60000000
-485.30767890;-123.63875000;6.00000000;6.00000000;-12.60000000
-487.21306460;-117.01287000;6.00000000;6.00000000;-12.70000000
-489.04713430;-110.35390000;6.00000000;6.00000000;-12.70000000
-490.71905690;-103.61337000;6.00000000;6.00000000;-12.80000000
-492.39135820;-96.87300000;6.00000000;6.00000000;-12.80000000
-494.06366640;-90.13247000;6.00000000;6.00000000;-13.00000000
-495.77602380;-83.41234000;6.00000000;6.00000000;-13.20000000
-497.80313430;-76.84857000;6.00000000;6.00000000;-13.40000000
-499.61334880;-70.17025000;6.00000000;6.00000000;-13.60000000
-501.42280200;-63.49178000;6.00000000;6.00000000;-13.80000000
-503.23213430;-56.81347000;6.00000000;6.00000000;-13.90000000
-505.04173070;-50.13515000;6.00000000;6.00000000;-14.00000000
-506.83127360;-43.44765000;6.00000000;6.00000000;-14.00000000
-508.56967030;-36.73640000;6.00000000;6.00000000;-14.10000000
-510.30807460;-30.02531000;6.00000000;6.00000000;-14.10000000
-512.04648550;-23.31407000;6.00000000;6.00000000;-14.20000000
-513.78454550;-16.60298000;6.00000000;6.00000000;-14.30000000
-515.52333000;-9.89189000;6.00000000;6.00000000;-14.40000000
-517.29614360;-3.19644000;6.00000000;6.00000000;-14.40000000
-519.06943790;3.49886000;6.00000000;6.00000000;-14.40000000
-520.84313430;10.19401000;6.00000000;6.00000000;-14.50000000
-522.61604830;16.88930000;6.00000000;6.00000000;-14.50000000
-524.38936450;23.58444000;6.00000000;6.00000000;-14.60000000
-526.16268720;30.27973000;6.00000000;6.00000000;-14.60000000
-527.93601760;36.97486000;6.00000000;6.00000000;-14.60000000
-529.70935520;43.66999000;6.00000000;6.00000000;-14.60000000
-531.48269930;50.36527000;6.00000000;6.00000000;-14.60000000
-533.25605110;57.06040000;6.00000000;6.00000000;-14.60000000
-535.01667070;63.76150000;6.00000000;6.00000000;-14.70000000
-536.76893650;70.46627000;6.00000000;6.00000000;-14.70000000
-538.52120900;77.17119000;6.00000000;6.00000000;-14.70000000
-540.27313430;83.87596000;6.00000000;6.00000000;-14.70000000
-542.02265070;90.58226000;6.00000000;6.00000000;-14.60000000
-543.76138400;97.29330000;6.00000000;6.00000000;-14.50000000
-545.49962540;104.00450000;6.00000000;6.00000000;-14.40000000
-547.23812380;110.71554000;6.00000000;6.00000000;-14.20000000
-548.97662940;117.42657000;6.00000000;6.00000000;-14.20000000
-550.71514170;124.13776000;6.00000000;6.00000000;-14.20000000
-552.56005560;130.79899000;6.00000000;6.00000000;-14.20000000
-554.41313430;137.45653000;6.00000000;6.00000000;-14.30000000
-556.26535590;144.11423000;6.00000000;6.00000000;-14.30000000
-558.11787010;150.77177000;6.00000000;6.00000000;-14.40000000
-559.97068490;157.42931000;6.00000000;6.00000000;-14.40000000
-561.80836640;164.09389000;6.00000000;6.00000000;-14.40000000
-563.54689720;170.80506000;6.00000000;6.00000000;-14.50000000
-565.28513430;177.51607000;6.00000000;6.00000000;-14.50000000
-567.02398150;184.22708000;6.00000000;6.00000000;-14.60000000
-568.76253390;190.93825000;6.00000000;6.00000000;-14.60000000
-570.50109400;197.64925000;6.00000000;6.00000000;-14.60000000
-572.31157760;204.32685000;6.00000000;6.00000000;-14.70000000
-574.13603930;210.99800000;6.00000000;6.00000000;-14.70000000
-575.96050800;217.66916000;6.00000000;6.00000000;-14.70000000
-577.78517580;224.34031000;6.00000000;6.00000000;-14.70000000
-579.60946660;231.01146000;6.00000000;6.00000000;-14.80000000
-581.43395640;237.68261000;6.00000000;6.00000000;-14.80000000
-583.25845390;244.35360000;6.00000000;6.00000000;-14.90000000
-585.08295780;251.02474000;6.00000000;6.00000000;-14.90000000
-586.90713430;257.69588000;6.00000000;6.00000000;-14.70000000
-588.73198690;264.36702000;6.00000000;6.00000000;-14.60000000
-590.55651210;271.03816000;6.00000000;6.00000000;-14.50000000
-592.38104420;277.70929000;6.00000000;6.00000000;-14.40000000
-594.20558400;284.38026000;6.00000000;6.00000000;-14.30000000
-596.03013020;291.05139000;6.00000000;6.00000000;-14.20000000
-597.85468360;297.72251000;6.00000000;6.00000000;-14.30000000
-599.67924450;304.39348000;6.00000000;6.00000000;-14.30000000
-601.50381190;311.06460000;6.00000000;6.00000000;-14.40000000
-603.32864680;317.73571000;6.00000000;6.00000000;-14.40000000
-605.15213430;324.40667000;6.00000000;6.00000000;-14.50000000
-606.97755700;331.07778000;6.00000000;6.00000000;-14.50000000
-608.80215270;337.74889000;6.00000000;6.00000000;-14.50000000
-610.62650170;344.41984000;6.00000000;6.00000000;-14.60000000
-612.45136560;351.09094000;6.00000000;6.00000000;-14.60000000
-614.27613430;357.76204000;6.00000000;6.00000000;-14.70000000
-616.10060680;364.43298000;6.00000000;6.00000000;-14.70000000
-616.82197210;371.35723000;6.00000000;6.00000000;-14.80000000
-618.76513430;377.93858000;6.00000000;6.00000000;-14.70000000
-620.82372530;384.48976000;6.00000000;6.00000000;-14.60000000
-622.88251940;391.04093000;6.00000000;6.00000000;-14.60000000
-624.94132030;397.59210000;6.00000000;6.00000000;-14.40000000
-627.04521970;404.11780000;6.00000000;6.00000000;-14.30000000
-628.83913430;410.79695000;6.00000000;6.00000000;-14.20000000
-630.51133760;417.53713000;6.00000000;6.00000000;-14.00000000
-632.18398270;424.27730000;6.00000000;6.00000000;-14.00000000
-632.95898650;427.18664000;6.00000000;6.00000000;-14.00000000
-633.73513430;430.09599000;6.00000000;6.00000000;-14.00000000
-634.51034350;433.00533000;6.00000000;6.00000000;-14.00000000
-635.28579980;435.91468000;6.00000000;6.00000000;-14.00000000
-636.06125750;438.82402000;6.00000000;6.00000000;-14.00000000
-636.83671650;441.73336000;6.00000000;6.00000000;-14.00000000
-637.61217680;444.64270000;6.00000000;6.00000000;-14.00000000
-638.38763900;447.55189000;6.00000000;6.00000000;-14.00000000
-639.16313430;450.46123000;6.00000000;6.00000000;-14.00000000
-639.93856650;453.37057000;6.00000000;6.00000000;-14.00000000
-640.71403220;456.27991000;6.00000000;6.00000000;-14.00000000
-641.48949920;459.18925000;6.00000000;6.00000000;-14.00000000
-642.26496760;462.09859000;6.00000000;6.00000000;-13.90000000
-643.04043740;465.00792000;6.00000000;6.00000000;-13.80000000
-643.81534730;467.91726000;6.00000000;6.00000000;-13.80000000
-644.59138100;470.82660000;6.00000000;6.00000000;-13.70000000
-645.36685470;473.73594000;6.00000000;6.00000000;-13.60000000
-646.14232990;476.64527000;6.00000000;6.00000000;-13.60000000
-646.91780690;479.55445000;6.00000000;6.00000000;-13.50000000
-647.69354850;482.46379000;6.00000000;6.00000000;-13.40000000
-648.46876390;485.37312000;6.00000000;6.00000000;-13.40000000
-649.24424440;488.28246000;6.00000000;6.00000000;-13.30000000
-650.01972620;491.19179000;6.00000000;6.00000000;-13.20000000
-650.79520940;494.10112000;6.00000000;6.00000000;-13.20000000
-651.57069400;497.01046000;6.00000000;6.00000000;-13.10000000
-652.34679640;499.91979000;6.00000000;6.00000000;-13.00000000
-653.12166760;502.82897000;6.00000000;6.00000000;-13.00000000
-653.89715620;505.73830000;6.00000000;6.00000000;-13.00000000
-654.67264610;508.64763000;6.00000000;6.00000000;-12.90000000
-655.44813740;511.55696000;6.00000000;6.00000000;-12.90000000
-656.22363000;514.46629000;6.00000000;6.00000000;-12.90000000
-656.99912400;517.37562000;6.00000000;6.00000000;-12.90000000
-657.77461930;520.28494000;6.00000000;6.00000000;-12.90000000
-658.55011640;523.19412000;6.00000000;6.00000000;-12.90000000
-659.32561440;526.10345000;6.00000000;6.00000000;-12.90000000
-660.10111380;529.01277000;6.00000000;6.00000000;-12.80000000
-660.87661450;531.92210000;6.00000000;6.00000000;-12.80000000
-661.65213430;534.83143000;6.00000000;6.00000000;-12.80000000
-662.42761990;537.74075000;6.00000000;6.00000000;-12.80000000
-663.20313430;540.65008000;6.00000000;6.00000000;-12.90000000
-663.97863120;543.55925000;6.00000000;6.00000000;-12.90000000
-664.75413860;546.46857000;6.00000000;6.00000000;-12.80000000
-665.53013420;549.37790000;6.00000000;6.00000000;-12.80000000
-666.30515740;552.28722000;6.00000000;6.00000000;-12.70000000
-667.08066880;555.19654000;6.00000000;6.00000000;-12.70000000
-667.85618210;558.10571000;6.00000000;6.00000000;-12.60000000
-668.63169630;561.01503000;6.00000000;6.00000000;-12.60000000
-669.40690310;563.92435000;6.00000000;6.00000000;-12.50000000
-670.18272860;566.83367000;6.00000000;6.00000000;-12.50000000
-670.95824670;569.74299000;6.00000000;6.00000000;-12.40000000
-671.73376670;572.65216000;6.00000000;6.00000000;-12.30000000
-672.50928760;575.56148000;6.00000000;6.00000000;-12.30000000
-673.28513430;578.47080000;6.00000000;6.00000000;-12.20000000
-674.06033330;581.38011000;6.00000000;6.00000000;-12.20000000
-674.83585820;584.28943000;6.00000000;6.00000000;-12.10000000
-675.61138500;587.19859000;6.00000000;6.00000000;-12.10000000
-676.38691250;590.10791000;6.00000000;6.00000000;-12.10000000
-677.16244150;593.01723000;6.00000000;6.00000000;-12.00000000
-677.93866780;595.92655000;6.00000000;6.00000000;-12.00000000
-678.71350330;598.83586000;6.00000000;6.00000000;-11.90000000
-679.48903680;601.74502000;6.00000000;6.00000000;-11.90000000
-680.26457110;604.65433000;6.00000000;6.00000000;-11.80000000
-681.04013430;607.56365000;6.00000000;6.00000000;-11.80000000
-681.81513430;610.47296000;6.00000000;6.00000000;-11.70000000
-682.59118260;613.38212000;6.00000000;6.00000000;-11.70000000
-683.33340340;616.30645000;6.00000000;6.00000000;-11.60000000
-684.06080050;619.23736000;6.00000000;6.00000000;-11.60000000
-684.78813430;622.16812000;6.00000000;6.00000000;-11.50000000
-685.51559930;625.09903000;6.00000000;6.00000000;-11.50000000
-686.24300050;628.02995000;6.00000000;6.00000000;-11.40000000
-686.97040310;630.96086000;6.00000000;6.00000000;-11.40000000
-687.69780710;633.89177000;6.00000000;6.00000000;-11.40000000
-688.42521290;636.82253000;6.00000000;6.00000000;-11.40000000
-689.15261970;639.75344000;6.00000000;6.00000000;-11.30000000
-689.88002780;642.68435000;6.00000000;6.00000000;-11.30000000
-690.63934300;645.59916000;6.00000000;6.00000000;-11.30000000
-691.57697490;648.42396000;6.00000000;6.00000000;-11.30000000
-692.42493570;651.29523000;6.00000000;6.00000000;-11.30000000
-693.18706670;654.21067000;6.00000000;6.00000000;-11.20000000
-693.94919900;657.12610000;6.00000000;6.00000000;-11.20000000
-694.71133270;660.04154000;6.00000000;6.00000000;-11.20000000
-695.47346780;662.95697000;6.00000000;6.00000000;-11.10000000
-696.23560420;665.87240000;6.00000000;6.00000000;-11.10000000
-696.99813430;668.78784000;6.00000000;6.00000000;-11.10000000
-697.75988110;671.70327000;6.00000000;6.00000000;-11.00000000
-698.52202150;674.61870000;6.00000000;6.00000000;-11.00000000
-699.28416340;677.53413000;6.00000000;6.00000000;-11.00000000
-700.05713430;680.44450000;6.00000000;6.00000000;-10.90000000
-700.84440860;683.34829000;6.00000000;6.00000000;-10.90000000
-701.63145190;686.25222000;6.00000000;6.00000000;-10.90000000
-702.41849710;689.15601000;6.00000000;6.00000000;-10.90000000
-703.20478020;692.05994000;6.00000000;6.00000000;-10.90000000
-703.99259100;694.96372000;6.00000000;6.00000000;-10.90000000
-704.77963970;697.86766000;6.00000000;6.00000000;-10.90000000
-705.56668970;700.77159000;6.00000000;6.00000000;-10.90000000
-706.35374160;703.67537000;6.00000000;6.00000000;-10.90000000
-707.14089310;706.57930000;6.00000000;6.00000000;-10.90000000
-707.92784890;709.48308000;6.00000000;6.00000000;-10.90000000
-708.71490430;712.38701000;6.00000000;6.00000000;-10.90000000
-708.53790480;715.23762000;6.00000000;6.00000000;-10.90000000
-706.97915110;717.54367000;6.00000000;6.00000000;-10.90000000
-705.42039800;719.84973000;6.00000000;6.00000000;-10.80000000
-703.86107450;722.15578000;6.00000000;6.00000000;-10.70000000
-702.30286760;724.46199000;6.00000000;6.00000000;-10.60000000
-700.74414190;726.76805000;6.00000000;6.00000000;-10.60000000
-699.18539130;729.07410000;6.00000000;6.00000000;-10.50000000
-697.62664130;731.38016000;6.00000000;6.00000000;-10.40000000
-696.06789140;733.68638000;6.00000000;6.00000000;-10.40000000
-694.50914270;735.99243000;6.00000000;6.00000000;-10.30000000
-692.79109130;737.61041000;6.00000000;6.00000000;-10.30000000
-690.52261350;736.85104000;6.00000000;6.00000000;-10.20000000
-688.24312290;736.17668000;6.00000000;6.00000000;-10.20000000
-685.91059090;735.91144000;6.00000000;6.00000000;-10.20000000
-683.57805790;735.64636000;6.00000000;6.00000000;-10.20000000
-681.24552480;735.38112000;6.00000000;6.00000000;-10.20000000
-678.91299050;735.11604000;6.00000000;6.00000000;-10.10000000
-676.58045620;734.85080000;6.00000000;6.00000000;-10.10000000
-674.44167480;734.16656000;6.00000000;6.00000000;-10.10000000
-673.19114600;731.56112000;6.00000000;6.00000000;-10.10000000
-671.94061820;728.95569000;6.00000000;6.00000000;-10.10000000
-670.69009140;726.35026000;6.00000000;6.00000000;-10.00000000
-669.43956600;723.74467000;6.00000000;6.00000000;-10.00000000
-668.18904110;721.13923000;6.00000000;6.00000000;-10.00000000
-666.93851710;718.53380000;6.00000000;6.00000000;-10.00000000
-665.68799410;715.92836000;6.00000000;6.00000000;-10.00000000
-664.43747210;713.32292000;6.00000000;6.00000000;-10.00000000
-663.18713430;710.71748000;6.00000000;6.00000000;-10.00000000
-661.93643090;708.11204000;6.00000000;6.00000000;-10.00000000
-660.68591170;705.50660000;6.00000000;6.00000000;-10.10000000
-659.43539350;702.90116000;6.00000000;6.00000000;-10.10000000
-658.18487680;700.29557000;6.00000000;6.00000000;-10.20000000
-656.93436050;697.69012000;6.00000000;6.00000000;-10.20000000
-655.68384520;695.08468000;6.00000000;6.00000000;-10.20000000
-654.43333080;692.47924000;6.00000000;6.00000000;-10.30000000
-653.18313430;689.87379000;6.00000000;6.00000000;-10.30000000
-651.93230500;687.26835000;6.00000000;6.00000000;-10.30000000
-650.68179350;684.66290000;6.00000000;6.00000000;-10.40000000
-649.43128350;682.05730000;6.00000000;6.00000000;-10.40000000
-648.18077390;679.45185000;6.00000000;6.00000000;-10.40000000
-646.93026530;676.84641000;6.00000000;6.00000000;-10.40000000
-645.67975770;674.24096000;6.00000000;6.00000000;-10.40000000
-644.42925100;671.63551000;6.00000000;6.00000000;-10.40000000
-643.17828780;669.03006000;6.00000000;6.00000000;-10.40000000
-641.92824100;666.42445000;6.00000000;6.00000000;-10.40000000
-640.67773720;663.81900000;6.00000000;6.00000000;-10.40000000
-639.42723440;661.21355000;6.00000000;6.00000000;-10.30000000
-638.17673250;658.60810000;6.00000000;6.00000000;-10.30000000
-636.92623160;656.00264000;6.00000000;6.00000000;-10.30000000
-635.64723050;653.42210000;6.00000000;6.00000000;-10.30000000
-634.30982270;650.89275000;6.00000000;6.00000000;-10.20000000
-632.97282270;648.36341000;6.00000000;6.00000000;-10.20000000
-631.63513430;645.83406000;6.00000000;6.00000000;-10.20000000
-630.29760430;643.30472000;6.00000000;6.00000000;-10.10000000
-628.96019990;640.77537000;6.00000000;6.00000000;-10.10000000
-627.62234470;638.24617000;6.00000000;6.00000000;-10.10000000
-626.28539330;635.71683000;6.00000000;6.00000000;-10.00000000
-624.94799150;633.18748000;6.00000000;6.00000000;-10.00000000
-623.61059060;630.65813000;6.00000000;6.00000000;-10.00000000
-622.27319060;628.12877000;6.00000000;6.00000000;-10.00000000
-621.31013430;625.32254000;6.00000000;6.00000000;-10.00000000
-620.26960010;622.57146000;6.00000000;6.00000000;-10.00000000
-618.98381460;619.99597000;6.00000000;6.00000000;-10.10000000
-617.69802940;617.42064000;6.00000000;6.00000000;-10.10000000
-616.41288680;614.84516000;6.00000000;6.00000000;-10.20000000
-614.78382130;612.66827000;6.00000000;6.00000000;-10.20000000
-613.00458180;610.66668000;6.00000000;6.00000000;-10.20000000
-611.22534220;608.66525000;6.00000000;6.00000000;-10.30000000
-609.44613430;606.66381000;6.00000000;6.00000000;-10.30000000
-607.66713430;604.66221000;6.00000000;6.00000000;-10.30000000
-605.88745250;602.66077000;6.00000000;6.00000000;-10.30000000
-604.10838740;600.65933000;6.00000000;6.00000000;-10.30000000
-601.92813060;599.86673000;6.00000000;6.00000000;-10.30000000
-599.60213430;599.51242000;6.00000000;6.00000000;-10.30000000
-597.27693090;599.15812000;6.00000000;6.00000000;-10.20000000
-594.95133020;598.80381000;6.00000000;6.00000000;-10.20000000
-592.62572950;598.44935000;6.00000000;6.00000000;-10.20000000
-590.29960560;598.09504000;6.00000000;6.00000000;-10.10000000
-587.97413430;597.74074000;6.00000000;6.00000000;-10.10000000
-585.64892220;597.38643000;6.00000000;6.00000000;-10.10000000
-583.32331910;597.03197000;6.00000000;6.00000000;-10.00000000
-580.99771500;596.67767000;6.00000000;6.00000000;-10.00000000
-578.67213430;596.32336000;6.00000000;6.00000000;-10.00000000
-576.34650550;595.96890000;6.00000000;6.00000000;-10.00000000
-574.02089960;595.61459000;6.00000000;6.00000000;-10.00000000
-571.69850940;595.22804000;6.00000000;6.00000000;-9.90000000
-569.38140120;594.78856000;6.00000000;6.00000000;-9.90000000
-567.06429250;594.34909000;6.00000000;6.00000000;-9.90000000
-564.74718320;593.90961000;6.00000000;6.00000000;-9.90000000
-562.43007280;593.47029000;6.00000000;6.00000000;-9.90000000
-560.11296240;593.03082000;6.00000000;6.00000000;-9.90000000
-557.79585140;592.59134000;6.00000000;6.00000000;-9.90000000
-555.47873980;592.15187000;6.00000000;6.00000000;-9.90000000
-553.16162770;591.71239000;6.00000000;6.00000000;-9.90000000
-550.84394890;591.27292000;6.00000000;6.00000000;-9.90000000
-548.52740180;590.83344000;6.00000000;6.00000000;-9.90000000
-546.21239690;590.37561000;6.00000000;6.00000000;-9.90000000
-543.89849760;589.90790000;6.00000000;6.00000000;-9.90000000
-541.58459720;589.44034000;6.00000000;6.00000000;-9.90000000
-539.27069670;588.97263000;6.00000000;6.00000000;-9.90000000
-536.95679520;588.50507000;6.00000000;6.00000000;-9.90000000
-534.64289320;588.03752000;6.00000000;6.00000000;-9.80000000
-532.32899110;587.56981000;6.00000000;6.00000000;-9.80000000
-530.01508790;587.10225000;6.00000000;6.00000000;-9.70000000
-527.70118470;586.63454000;6.00000000;6.00000000;-9.70000000
-525.38728040;586.16698000;6.00000000;6.00000000;-9.70000000
-523.07337610;585.69927000;6.00000000;6.00000000;-9.60000000
-520.75947070;585.23171000;6.00000000;6.00000000;-9.60000000
-518.44590490;584.76415000;6.00000000;6.00000000;-9.50000000
-516.13231880;584.29644000;6.00000000;6.00000000;-9.50000000
-513.81775180;583.82888000;6.00000000;6.00000000;-9.40000000
-511.50384470;583.36117000;6.00000000;6.00000000;-9.40000000
-509.18993650;582.89361000;6.00000000;6.00000000;-9.30000000
-506.87602780;582.42605000;6.00000000;6.00000000;-9.30000000
-504.56211910;581.95834000;6.00000000;6.00000000;-9.30000000
-502.24820930;581.49078000;6.00000000;6.00000000;-9.20000000
-499.93429940;581.02306000;6.00000000;6.00000000;-9.20000000
-497.62038850;580.55550000;6.00000000;6.00000000;-9.10000000
-495.30647760;580.08779000;6.00000000;6.00000000;-9.10000000
-492.99172020;579.63304000;6.00000000;6.00000000;-9.00000000
-490.66855650;579.24076000;6.00000000;6.00000000;-9.00000000
-488.34705600;578.84834000;6.00000000;6.00000000;-8.90000000
-486.02499080;578.45607000;6.00000000;6.00000000;-8.90000000
-483.70292500;578.06380000;6.00000000;6.00000000;-8.80000000
-481.38085860;577.67152000;6.00000000;6.00000000;-8.80000000
-479.05879170;577.27925000;6.00000000;6.00000000;-8.70000000
-476.73672420;576.88698000;6.00000000;6.00000000;-8.70000000
-474.41465610;576.49471000;6.00000000;6.00000000;-8.60000000
-472.09258790;576.10228000;6.00000000;6.00000000;-8.60000000
-469.77051870;575.71001000;6.00000000;6.00000000;-8.50000000
-467.44844890;575.31774000;6.00000000;6.00000000;-8.40000000
-465.12699350;574.91960000;6.00000000;6.00000000;-8.40000000
-462.80959480;574.48243000;6.00000000;6.00000000;-8.30000000
-460.49219510;574.04542000;6.00000000;6.00000000;-8.30000000
-458.17479480;573.60840000;6.00000000;6.00000000;-8.20000000
-455.85739440;573.17123000;6.00000000;6.00000000;-8.10000000
-453.53999290;572.73421000;6.00000000;6.00000000;-8.10000000
-451.22213430;572.29704000;6.00000000;6.00000000;-8.00000000
-448.90518890;571.86002000;6.00000000;6.00000000;-8.00000000
-446.58778580;571.42301000;6.00000000;6.00000000;-7.90000000
-444.27038260;570.98584000;6.00000000;6.00000000;-7.80000000
-441.95313430;570.54882000;6.00000000;6.00000000;-7.80000000
-439.63503530;570.11164000;6.00000000;6.00000000;-7.70000000
-437.31822100;569.67463000;6.00000000;6.00000000;-7.70000000
-435.00076280;569.23761000;6.00000000;6.00000000;-7.60000000
-432.68335690;568.80044000;6.00000000;6.00000000;-7.60000000
-430.36594980;568.36342000;6.00000000;6.00000000;-7.50000000
-428.04854280;567.92624000;6.00000000;6.00000000;-7.50000000
-425.73113460;567.48922000;6.00000000;6.00000000;-7.40000000
-423.41372590;567.05220000;6.00000000;6.00000000;-7.40000000
-421.09631710;566.61503000;6.00000000;6.00000000;-7.30000000
-418.77890730;566.17801000;6.00000000;6.00000000;-7.30000000
-416.46149740;565.74083000;6.00000000;6.00000000;-7.20000000
-414.14408650;565.30381000;6.00000000;6.00000000;-7.10000000
-411.82667490;564.86679000;6.00000000;6.00000000;-7.10000000
-409.50863900;564.42962000;6.00000000;6.00000000;-7.00000000
-407.19185080;563.99260000;6.00000000;6.00000000;-7.00000000
-404.87443810;563.55542000;6.00000000;6.00000000;-6.90000000
-402.55702430;563.11840000;6.00000000;6.00000000;-6.80000000
-400.23961000;562.68138000;6.00000000;6.00000000;-6.60000000
-397.92219570;562.24420000;6.00000000;6.00000000;-6.50000000
-395.60478020;561.80718000;6.00000000;6.00000000;-6.40000000
-393.28736480;561.37000000;6.00000000;6.00000000;-6.30000000
-390.96994820;560.93298000;6.00000000;6.00000000;-6.20000000
-388.65253110;560.49595000;6.00000000;6.00000000;-6.10000000
-386.33511400;560.05878000;6.00000000;6.00000000;-6.00000000
-384.01735610;559.62175000;6.00000000;6.00000000;-5.90000000
-381.70027740;559.18458000;6.00000000;6.00000000;-5.80000000
-379.38214640;558.74755000;6.00000000;6.00000000;-5.70000000
-377.06543870;558.31037000;6.00000000;6.00000000;-5.60000000
-374.74801820;557.87335000;6.00000000;6.00000000;-5.50000000
-372.53266090;556.96376000;6.00000000;6.00000000;-5.40000000
-370.38613030;555.73599000;6.00000000;6.00000000;-5.30000000
-368.23957300;554.50823000;6.00000000;6.00000000;-5.20000000
-366.09301550;553.28046000;6.00000000;6.00000000;-5.10000000
-363.94645770;552.05269000;6.00000000;6.00000000;-5.00000000
-361.80060630;550.82492000;6.00000000;6.00000000;-4.90000000
-359.65334140;549.59715000;6.00000000;6.00000000;-4.90000000
-357.50622830;548.36938000;6.00000000;6.00000000;-4.80000000
-355.36022410;547.14161000;6.00000000;6.00000000;-4.80000000
-353.21366500;545.91383000;6.00000000;6.00000000;-4.70000000
-351.06710620;544.68591000;6.00000000;6.00000000;-4.70000000
-348.92054660;543.45813000;6.00000000;6.00000000;-4.60000000
-346.77398680;542.23036000;6.00000000;6.00000000;-4.60000000
-344.62742670;541.00259000;6.00000000;6.00000000;-4.50000000
-342.48086640;539.77481000;6.00000000;6.00000000;-4.50000000
-340.33430580;538.54704000;6.00000000;6.00000000;-4.40000000
-338.18774490;537.31926000;6.00000000;6.00000000;-4.40000000
-336.04118380;536.09148000;6.00000000;6.00000000;-4.30000000
-333.89462300;534.86355000;6.00000000;6.00000000;-4.20000000
-331.74806140;533.63577000;6.00000000;6.00000000;-4.20000000
-329.84916460;531.97882000;6.00000000;6.00000000;-4.10000000
-328.37624640;529.58382000;6.00000000;6.00000000;-4.00000000
-326.90332940;527.18866000;6.00000000;6.00000000;-3.90000000
-325.43041310;524.79351000;6.00000000;6.00000000;-3.80000000
-323.95749700;522.39850000;6.00000000;6.00000000;-3.70000000
-322.48458210;520.00334000;6.00000000;6.00000000;-3.60000000
-321.01166800;517.60819000;6.00000000;6.00000000;-3.50000000
-319.53875410;515.21318000;6.00000000;6.00000000;-3.40000000
-318.06584140;512.81802000;6.00000000;6.00000000;-3.30000000
-316.59292940;510.42286000;6.00000000;6.00000000;-3.20000000
-315.12001810;508.02770000;6.00000000;6.00000000;-3.10000000
-313.64666910;505.63269000;6.00000000;6.00000000;-3.00000000
-312.17419720;503.23752000;6.00000000;6.00000000;-2.90000000
-310.70128810;500.84236000;6.00000000;6.00000000;-2.80000000
-309.22837920;498.44735000;6.00000000;6.00000000;-2.80000000
-307.75547150;496.05218000;6.00000000;6.00000000;-2.70000000
-306.28256460;493.65702000;6.00000000;6.00000000;-2.60000000
-304.80948880;491.26185000;6.00000000;6.00000000;-2.60000000
-303.33662640;488.86683000;6.00000000;6.00000000;-2.60000000
-301.86384750;486.47167000;6.00000000;6.00000000;-2.60000000
-300.39090370;484.07650000;6.00000000;6.00000000;-2.60000000
-298.91804300;481.68133000;6.00000000;6.00000000;-2.60000000
-297.44513690;479.28631000;6.00000000;6.00000000;-2.60000000
-295.97223500;476.89114000;6.00000000;6.00000000;-2.50000000
-294.49933380;474.49596000;6.00000000;6.00000000;-2.50000000
-293.02388080;472.10356000;6.00000000;6.00000000;-2.50000000
-291.53716810;469.72331000;6.00000000;6.00000000;-2.40000000
-290.05045610;467.34306000;6.00000000;6.00000000;-2.40000000
-288.56374480;464.96281000;6.00000000;6.00000000;-2.40000000
-287.07703420;462.58256000;6.00000000;6.00000000;-2.30000000
-285.59032480;460.20215000;6.00000000;6.00000000;-2.20000000
-284.10361560;457.82190000;6.00000000;6.00000000;-2.20000000
-282.61690710;455.44165000;6.00000000;6.00000000;-2.10000000
-281.13019940;453.06139000;6.00000000;6.00000000;-2.10000000
-279.64349230;450.68114000;6.00000000;6.00000000;-2.00000000
-278.15713430;448.30088000;6.00000000;6.00000000;-2.00000000
-276.37279440;446.32803000;6.00000000;6.00000000;-1.90000000
-274.56513430;444.38998000;6.00000000;6.00000000;-1.90000000
-273.14727420;441.93818000;6.00000000;6.00000000;-1.80000000
-271.72907980;439.48623000;6.00000000;6.00000000;-1.80000000
-270.31093560;437.03442000;6.00000000;6.00000000;-1.70000000
-268.89313430;434.58247000;6.00000000;6.00000000;-1.70000000
-267.47437290;432.13066000;6.00000000;6.00000000;-1.60000000
-266.05613430;429.67886000;6.00000000;6.00000000;-1.50000000
-264.63811800;427.22690000;6.00000000;6.00000000;-1.50000000
-263.21992780;424.77509000;6.00000000;6.00000000;-1.40000000
-261.80173840;422.32328000;6.00000000;6.00000000;-1.30000000
-260.38355020;419.87132000;6.00000000;6.00000000;-1.20000000
-258.96536240;417.41951000;6.00000000;6.00000000;-1.10000000
-257.52920540;414.98694000;6.00000000;6.00000000;-1.10000000
-255.98558740;412.67053000;6.00000000;6.00000000;-1.00000000
-254.44197050;410.35398000;6.00000000;6.00000000;-0.90000000
-252.89835370;408.03757000;6.00000000;6.00000000;-0.80000000
-251.35473800;405.72101000;6.00000000;6.00000000;-0.70000000
-249.81112300;403.40445000;6.00000000;6.00000000;-0.70000000
-248.26750810;401.08804000;6.00000000;6.00000000;-0.70000000
-246.72413430;398.77148000;6.00000000;6.00000000;-0.60000000
-245.18028120;396.45491000;6.00000000;6.00000000;-0.60000000
-243.63666820;394.13850000;6.00000000;6.00000000;-0.60000000
-242.09305640;391.82194000;6.00000000;6.00000000;-0.60000000
-240.54944520;389.50537000;6.00000000;6.00000000;-0.60000000
-239.01287580;387.18111000;6.00000000;6.00000000;-0.60000000
-237.52617240;384.80068000;6.00000000;6.00000000;-0.60000000
-236.03946920;382.42040000;6.00000000;6.00000000;-0.60000000
-234.55228530;380.04012000;6.00000000;6.00000000;-0.60000000
-233.06613430;377.65984000;6.00000000;6.00000000;-0.60000000
-231.57936380;375.27956000;6.00000000;6.00000000;-0.60000000
-230.09313430;372.89928000;6.00000000;6.00000000;-0.70000000
-228.60596420;370.51884000;6.00000000;6.00000000;-0.70000000
-227.11913430;368.13856000;6.00000000;6.00000000;-0.70000000
-225.63256700;365.75828000;6.00000000;6.00000000;-0.70000000
-224.14586940;363.37799000;6.00000000;6.00000000;-0.70000000
-222.67796740;360.97755000;6.00000000;6.00000000;-0.70000000
-221.21710580;358.56957000;6.00000000;6.00000000;-0.60000000
-219.75624500;356.16159000;6.00000000;6.00000000;-0.60000000
-218.29538500;353.75361000;6.00000000;6.00000000;-0.60000000
-216.83452510;351.34578000;6.00000000;6.00000000;-0.50000000
-215.37366650;348.93779000;6.00000000;6.00000000;-0.50000000
-213.91280860;346.52981000;6.00000000;6.00000000;-0.50000000
-212.45195150;344.12182000;6.00000000;6.00000000;-0.40000000
-210.99109510;341.71383000;6.00000000;6.00000000;-0.40000000
-209.53023940;339.30584000;6.00000000;6.00000000;-0.40000000
-208.06938400;336.89801000;6.00000000;6.00000000;-0.30000000
-206.60852980;334.49002000;6.00000000;6.00000000;-0.30000000
-205.14767630;332.08203000;6.00000000;6.00000000;-0.30000000
-203.68682350;329.67404000;6.00000000;6.00000000;-0.20000000
-202.22597150;327.26605000;6.00000000;6.00000000;-0.20000000
-200.76513430;324.85805000;6.00000000;6.00000000;-0.20000000
-199.30426970;322.45006000;6.00000000;6.00000000;-0.10000000
-197.84341930;320.04222000;6.00000000;6.00000000;-0.10000000
-196.38257030;317.63423000;6.00000000;6.00000000;-0.10000000
-194.92172190;315.22623000;6.00000000;6.00000000;0.00000000
-193.46087430;312.81823000;6.00000000;6.00000000;0.00000000
-192.00002740;310.41024000;6.00000000;6.00000000;0.00000000
-190.53918120;308.00224000;6.00000000;6.00000000;0.10000000
-189.07833580;305.59424000;6.00000000;6.00000000;0.10000000
-187.61749110;303.18624000;6.00000000;6.00000000;0.10000000
-186.15713430;300.77824000;6.00000000;6.00000000;0.10000000
-184.69580390;298.37024000;6.00000000;6.00000000;0.10000000
-183.23496140;295.96224000;6.00000000;6.00000000;0.10000000
-181.77413430;293.55439000;6.00000000;6.00000000;0.10000000
-180.31305710;291.14639000;6.00000000;6.00000000;0.10000000
-178.85243780;288.73838000;6.00000000;6.00000000;0.10000000
-177.39159830;286.33038000;6.00000000;6.00000000;0.10000000
-175.93075940;283.92237000;6.00000000;6.00000000;0.00000000
-174.46992130;281.51437000;6.00000000;6.00000000;0.00000000
-173.00972800;279.10636000;6.00000000;6.00000000;0.00000000
-171.54824730;276.69835000;6.00000000;6.00000000;0.00000000
-169.94785210;274.45394000;6.00000000;6.00000000;0.00000000
-168.30353900;272.26110000;6.00000000;6.00000000;0.00000000
-166.65922680;270.06809000;6.00000000;6.00000000;0.00000000
-165.16280190;267.69932000;6.00000000;6.00000000;0.00000000
-163.67611130;265.31901000;6.00000000;6.00000000;0.00000000
-162.18984540;262.93869000;6.00000000;6.00000000;0.00000000
-160.70273270;260.55822000;6.00000000;6.00000000;0.00000000
-159.21604420;258.17790000;6.00000000;6.00000000;0.00000000
-157.72935650;255.79758000;6.00000000;6.00000000;0.00000000
-156.24213430;253.41726000;6.00000000;6.00000000;0.00000000
-154.75598350;251.03678000;6.00000000;6.00000000;0.00000000
-153.26913430;248.65646000;6.00000000;6.00000000;0.00000000
-151.78261280;246.27614000;6.00000000;6.00000000;0.00000000
-150.33306560;243.85705000;6.00000000;6.00000000;0.00000000
-148.91489460;241.40503000;6.00000000;6.00000000;0.00000000
-147.49672400;238.95316000;6.00000000;6.00000000;0.10000000
-146.07855460;236.50114000;6.00000000;6.00000000;0.10000000
-144.66038550;234.04927000;6.00000000;6.00000000;0.10000000
-143.24221760;231.59725000;6.00000000;6.00000000;0.20000000
-141.82405010;229.14538000;6.00000000;6.00000000;0.20000000
-140.40588380;226.69335000;6.00000000;6.00000000;0.20000000
-138.98771780;224.24148000;6.00000000;6.00000000;0.20000000
-137.56955310;221.78946000;6.00000000;6.00000000;0.20000000
-136.15138870;219.33758000;6.00000000;6.00000000;0.20000000
-134.73322550;216.88556000;6.00000000;6.00000000;0.20000000
-133.27946310;214.47076000;6.00000000;6.00000000;0.20000000
-131.79759700;212.08504000;6.00000000;6.00000000;0.20000000
-130.31636530;209.69948000;6.00000000;6.00000000;0.20000000
-128.83386570;207.31391000;6.00000000;6.00000000;0.20000000
-127.35200120;204.92834000;6.00000000;6.00000000;0.10000000
-125.87013740;202.54277000;6.00000000;6.00000000;0.10000000
-124.38827430;200.15720000;6.00000000;6.00000000;0.10000000
-122.90641180;197.77163000;6.00000000;6.00000000;0.10000000
-121.42455070;195.38591000;6.00000000;6.00000000;0.00000000
-119.94268970;193.00034000;6.00000000;6.00000000;0.00000000
-118.46082940;190.61477000;6.00000000;6.00000000;0.00000000
-116.97896980;188.22919000;6.00000000;6.00000000;0.00000000
-115.49711090;185.84362000;6.00000000;6.00000000;0.00000000
-114.01525330;183.45789000;6.00000000;6.00000000;0.00000000
-112.53313430;181.07232000;6.00000000;6.00000000;0.00000000
-111.05153900;178.68674000;6.00000000;6.00000000;0.00000000
-109.56911490;176.30116000;6.00000000;6.00000000;0.00000000
-108.08850320;173.91559000;6.00000000;6.00000000;0.00000000
-106.60597350;171.52986000;6.00000000;6.00000000;0.00000000
-105.12411960;169.14428000;6.00000000;6.00000000;0.00000000
-103.64226640;166.75870000;6.00000000;6.00000000;0.00000000
-102.16041390;164.37312000;6.00000000;6.00000000;0.00000000
-100.67856260;161.98738000;6.00000000;6.00000000;0.00000000
-99.19713427;159.60180000;6.00000000;6.00000000;0.00000000
-97.71417448;157.21699000;6.00000000;6.00000000;0.00000000
-96.23112169;154.83263000;6.00000000;6.00000000;0.00000000
-94.74806961;152.44828000;6.00000000;6.00000000;0.00000000
-93.26501823;150.06392000;6.00000000;6.00000000;0.00000000
-91.78158153;147.67957000;6.00000000;6.00000000;0.00000000
-90.29891708;145.29537000;6.00000000;6.00000000;0.00000000
-88.81586782;142.91101000;6.00000000;6.00000000;0.00000000
-87.33281927;140.52665000;6.00000000;6.00000000;0.00000000
-85.84977142;138.14230000;6.00000000;6.00000000;0.00000000
-84.36672428;135.75794000;6.00000000;6.00000000;0.00000000
-82.88367785;133.37358000;6.00000000;6.00000000;0.00000000
-81.40063160;130.98937000;6.00000000;6.00000000;0.00000000
-79.91758658;128.60501000;6.00000000;6.00000000;0.00000000
-78.43454226;126.22065000;6.00000000;6.00000000;0.00000000
-76.95149865;123.83628000;6.00000000;6.00000000;0.00000000
-75.46846299;121.45192000;6.00000000;6.00000000;0.00000000
-73.98541355;119.06756000;6.00000000;6.00000000;0.00000000
-72.50237206;116.68319000;6.00000000;6.00000000;0.00000000
-71.01933127;114.29882000;6.00000000;6.00000000;0.00000000
-69.53629068;111.91461000;6.00000000;6.00000000;0.00000000
-68.05325130;109.53024000;6.00000000;6.00000000;0.00000000
-66.57021264;107.14588000;6.00000000;6.00000000;0.00000000
-65.08717468;104.76151000;6.00000000;6.00000000;0.00000000
-63.60413742;102.37714000;6.00000000;6.00000000;0.00000000
-62.12110087;99.99277000;6.00000000;6.00000000;0.10000000
-60.63806503;97.60839000;6.00000000;6.00000000;0.10000000
-59.15513427;95.22402000;6.00000000;6.00000000;0.10000000
-57.67213427;92.83965000;6.00000000;6.00000000;0.10000000
-56.18896174;90.45527000;6.00000000;6.00000000;0.10000000
-54.70592872;88.07090000;6.00000000;6.00000000;0.10000000
-53.22289641;85.68652000;6.00000000;6.00000000;0.10000000
-51.73986429;83.30230000;6.00000000;6.00000000;0.10000000
-50.25683339;80.91793000;6.00000000;6.00000000;0.10000000
-48.77380320;78.53355000;6.00000000;6.00000000;0.10000000
-47.29113427;76.14917000;6.00000000;6.00000000;0.10000000
-45.80774493;73.76479000;6.00000000;6.00000000;0.10000000
-44.32471686;71.38041000;6.00000000;6.00000000;0.10000000
-42.84168949;68.99603000;6.00000000;6.00000000;0.10000000
-41.35866282;66.61165000;6.00000000;6.00000000;0.00000000
-39.87563687;64.22727000;6.00000000;6.00000000;0.00000000
-38.39261162;61.84288000;6.00000000;6.00000000;0.00000000
-36.90958707;59.45850000;6.00000000;6.00000000;0.00000000
-35.42656324;57.07411000;6.00000000;6.00000000;0.00000000
-33.94354010;54.68973000;6.00000000;6.00000000;0.00000000
-32.46051768;52.30534000;6.00000000;6.00000000;0.00000000
-30.97749596;49.92095000;6.00000000;6.00000000;0.00000000
-29.49447495;47.53657000;6.00000000;6.00000000;0.00000000
-28.01153878;45.15218000;6.00000000;6.00000000;0.00000000
-26.52843504;42.76779000;6.00000000;6.00000000;0.00000000
-25.04541615;40.38340000;6.00000000;6.00000000;0.00000000
-23.56239796;37.99901000;6.00000000;6.00000000;0.00000000
-22.07938048;35.61462000;6.00000000;6.00000000;0.00000000
-20.59636370;33.23022000;6.00000000;6.00000000;0.00000000
-19.11334763;30.84583000;6.00000000;6.00000000;0.00000000
-17.63033227;28.46144000;6.00000000;6.00000000;0.00000000
-16.14659298;26.07704000;6.00000000;6.00000000;0.00000000
-14.66430366;23.69264000;6.00000000;6.00000000;0.00000000
-13.18129093;21.30809000;6.00000000;6.00000000;0.00000000
-11.69827840;18.92370000;6.00000000;6.00000000;0.00000000
-10.21490680;16.53930000;6.00000000;6.00000000;0.00000000
-8.73225544;14.15490000;6.00000000;6.00000000;0.00000000
-7.24924502;11.77050000;6.00000000;6.00000000;0.00000000
-5.76613427;9.38610000;6.00000000;6.00000000;0.00000000
-4.28322630;7.00170000;6.00000000;6.00000000;0.00000000
